x10_Native-Ads,x11_Paid-Search,x12_Brand-Search,x13_Shopping-Ads,x14_Retargeting,x15_Affiliate,x16_CTV,x17_Streaming-Audio,x18_Influencer,x19_Email,x1_TV,x20_Push-Notif,x21_Ghost-A,x22_Ghost-B,x2_OOH,x3_Radio,x4_Podcast,x5_Video,x6_Social-Paid,x7_Social-Organic,x8_Display,x9_Programmatic,c1,c10,c2,c3,c4,c5,c6,c7,c8,c9,y
1539.9461046709994,5441.264340779524,2833.6116758867033,3981.6665747980314,1760.5951631147016,1337.2190715318056,1421.7409529724655,729.9922014236828,1447.1660891814652,712.250780079329,9054.164904903104,0.0,2044.2008904174133,1473.7594201841619,3444.9601012330213,1985.0216299232318,1238.9454023326095,3613.3829128358234,3179.2911354681737,2638.1648234767526,0.0,2102.602200831673,88.89373062127311,0.0,0.0,95.87777776468866,6118.007619888601,86.25212773561945,1.2660394024581498,0.0,0.0,23.418510348436413,368778.734614534
1532.5989203366794,5334.337467392788,2718.835701496614,3493.251521312379,1318.7877313446702,1253.1537015770684,2000.4712462506195,897.2924194914573,1027.7105655233524,757.8405786889093,10317.36743225706,396.79398817219595,989.7902416679905,1634.4909177520065,2917.554945659401,2276.739808262975,1218.0545056781016,3821.0730107180366,3646.6611558438476,3177.6634266763904,0.0,2523.534222567734,94.35560969813909,0.0,0.0,96.59336628705108,5931.246332506407,88.1310635443992,1.280762335315267,0.0,0.0,22.8764315880294,415776.027305864
1348.7520445435691,7065.744022034638,2627.498025421832,3619.4521145365766,2081.564042070947,1265.131350569552,1750.0509338746801,612.8050013216073,1772.2287953317123,714.3607220993493,9747.426926505312,459.80212004800694,1502.8842158216264,1459.8703047635265,3457.582436998503,2231.072649050965,1203.3660965685826,4068.953039658396,3950.968245470983,4012.057282049165,0.0,0.0,95.95408168693272,0.0,0.0,97.23930680163438,5893.709471678201,88.30093024038125,1.285288057432617,0.0,0.0,23.65439249746274,430392.6967703912
1371.4928766090004,8576.22438663579,3448.4080243584062,4478.982133989033,1507.6256816505975,1296.1860162778041,2306.5154736511454,909.1546710842302,1114.8789515226167,731.6884746310484,9131.01997425713,397.64330632419734,1517.404257091716,1659.3378346375093,2554.5763378577753,2331.6370172229927,1818.0225083655168,3676.0876014567266,3579.5620171622254,4443.827241879665,0.0,2851.7229977444504,94.7218933034438,0.0,0.0,99.10725157996514,7795.591222663952,85.38827586743876,1.2601893786949483,0.0,0.0,21.98829982520528,437751.1133413208
1697.3517317563526,10421.960786486745,3657.0861909178384,4123.885358854996,1819.660593480839,1158.1681286522069,1898.7552196860047,588.315684664374,1687.554146269187,686.3359872346686,8025.398257800251,427.42054664411654,489.87758971038215,1483.3475974017915,3025.176006254803,2248.713816810324,1670.0049069277202,3867.3810921134614,3835.618246898653,4235.727246700431,2758.2253087124955,2743.80134641565,87.8959920842459,0.0,0.0,100.34967549972063,5924.3667589277575,86.96084872170896,1.2552696746118344,0.0,0.0,22.002817750665137,456713.7795713413
1746.977798056919,10789.620832682656,3739.311230192142,3560.7199532874765,1717.8892685153482,1087.5940662644014,1591.327924018112,796.4303512556371,1436.0243546745637,647.0157973744986,9789.53159566564,429.2731523992137,1213.9551516183217,1183.5908362321345,2771.7282821093922,2590.4394649849264,1735.2321105221351,3684.107508432634,3407.0817996258734,3686.0569194232103,2030.6618081505394,1610.8083078198918,99.75415147477976,0.0,1.7191428350550408,104.73639468480104,6375.670588996458,84.95360668216765,1.2207584153319329,0.0,0.0,22.97589044610575,457908.10813179135
1900.830620425867,10049.341151070646,3781.0690702551337,3010.831587508505,1430.2954225401522,1490.093109683868,1321.641184487582,902.7875412514372,0.0,742.3299334761242,8506.132368976778,423.9616139601682,1616.6020679389587,0.0,2291.240374850423,2115.4136028052617,1758.3644227605341,3572.304945873462,3449.9949331278763,3746.478806726605,1937.877047850772,1447.6766830486176,101.02935930542944,0.0,0.33865679240943836,104.55592883138526,6217.767598931729,84.33983522311392,1.2009586897827327,0.0,0.0,20.210835807622697,456155.4072426379
1906.617921008652,10338.387056867517,3290.540243888584,4037.29237063968,0.0,1525.543620128714,2032.980588798141,1047.3345443152461,881.9139464341893,663.0518481869887,8841.517279974212,406.75059046079235,1445.3002475071619,1660.2353165850486,2754.6597872511056,2664.701486853821,1298.0422841658115,4055.1782999796637,3870.930811595863,4296.945147939807,2318.630902520288,2867.473581646934,107.65553248843688,0.712878513053941,0.0,109.74655222881908,4631.150625747214,86.06670235733395,1.1926218107168438,0.0,0.0,21.072392313228267,459929.3869404725
1531.649309136305,9138.944512747212,3488.4422658615886,3461.766967073178,1352.3024652507038,1534.1125411740838,1575.3674943885371,1045.3686607037896,1133.7251641501462,626.5393833961098,8788.360129724831,0.0,2213.624497895199,1764.5011710382203,2392.677315107999,2466.3981840026618,1075.1199683351958,6278.672809234344,3676.0835761690914,4111.846238997143,2575.762469886041,2017.6028442179077,115.0677770013313,1.2691475491660122,0.0,112.49281654496583,4835.294032913181,93.61019524670982,1.1582414881866925,0.0,1.7926415218567948,18.650533091031686,458995.22019000334
1723.9910640746962,10625.06383719398,4077.76545552909,2648.459413857773,1954.1722604980089,1541.671507431629,2138.9553049726164,858.9858163515217,1365.554589610409,621.7841276466471,8189.845857700017,439.9148103283883,1125.486642888894,1579.98544343297,2327.428422896417,2372.788808531004,1034.7158558536473,6163.421819105317,3588.701168604805,2952.1951550916447,2484.32598129476,1730.1027522473157,118.80805048002708,1.1763199671722375,0.0,114.41954428077807,5083.280333485709,85.28628284026054,1.1257604440329,1.4807128215378849,2.056017543964169,18.442875508586315,462222.912320458
1743.0571505994883,9995.583575828328,3377.582246974258,3979.79602066973,1290.8054860098173,1204.3202689229133,2842.4484560874644,843.484932300905,1401.148437351628,637.8773883791498,7539.734643719616,453.79646231913034,1343.992626964672,1245.0372756911352,2943.820251436686,2109.089205986022,1022.4169864229611,6045.327972001075,4293.498402516393,3813.9280036263744,0.0,0.0,119.57516991680953,0.0,1.3573917535148903,114.36722749543813,5014.183350160836,84.18060383427307,1.1216852554977872,0.3788060654792732,0.0,17.59082501273484,460262.1748382677
1167.2224495579576,8564.967027540326,3414.9082259184743,3329.3433489846393,2125.6308730366745,1179.508317916644,2713.057684144412,1060.6416785927654,0.0,591.9120852183119,7756.583613262554,474.21004968591745,1665.1796677880056,1908.574796009636,2693.3398069489704,1558.1319610619566,1132.1765520936094,5658.633221825934,2928.8309083572603,4039.1702894257514,2153.548947032042,1969.2819231551055,124.99647525855784,0.0,1.1324034101090956,110.54062525333825,5261.027819464938,81.8578999776708,1.037448771803902,0.154116833140736,0.0,16.302163681269256,463168.6574747949
1221.0494731754766,8605.641151828722,3149.2055725769587,3697.6167325089473,2151.917385165261,998.9564616095201,3184.561295183712,1019.3496924834388,1116.3724438853665,643.423486732155,7345.82999971546,456.29804174705873,761.0039600056164,1277.8170173878382,2200.164964446429,1744.176628014423,1656.7304643432458,4270.465809094331,2273.500843162995,2974.4087059298517,2683.489196905175,1874.0153092201913,128.69731983600565,0.0,2.2223761800365907,110.21130455821556,6534.791607213929,75.90137226106258,0.9793771785788299,1.0762951477206009,0.0,15.664190976611991,465726.8726993475
1235.0647522017623,9042.81296371605,3302.9405974432693,3090.3110266461345,1030.512279642613,974.0603127027301,2697.4284491741973,823.183979580623,1582.6458832924186,618.9344380569842,7088.805419290514,406.13561426007567,1278.4061378041808,1636.1177242396307,3049.913732052807,2235.8059255506887,1826.7654589579083,3625.3640012385877,3340.9036944194145,3666.566495396855,1613.4361107119446,2190.5195707600624,132.2831809780399,0.0,0.8165352939756941,114.86699245151803,5792.7451642738715,76.35844323235031,0.9865554928052256,1.6877258557161874,0.0,14.065987954531815,464537.56702036527
1901.3529550286985,8560.883530147972,2978.788865524727,3505.347157358356,0.0,1126.920561545496,2407.2714398927287,544.767127976382,0.0,527.6230689095897,5359.555962878798,373.06666697655754,1591.4582589951422,0.0,2745.0694730585697,2333.7509908064862,1828.019574577767,3302.505283724594,2605.9139603478616,3570.7852726356023,2246.8211938314485,1671.6001892268541,124.1403219175792,1.1738435441482644,0.9006964465842987,119.71477091446236,5299.935176519034,75.94527861439408,0.9251781684433463,0.0,0.0,12.082439622080637,459437.0749261627
2053.103468584694,8813.807228795591,3042.1460734080133,2144.700727302305,2349.042172688394,1001.0124435323957,2226.1383753357522,658.2958706648003,0.0,540.4873779918136,5899.467813232835,425.80140174264596,2160.765217563164,0.0,2275.2806554737554,1549.8616988415222,1631.930824616998,3792.8201504852263,3099.4027535309506,3391.1652693862243,3113.8267561058656,1692.0704439701015,125.33602184567535,0.403758212710824,0.0,117.3248352593888,4562.52913088135,78.16682255063904,0.9111903627022697,0.0,0.0,12.050008233202442,459866.82932353846
1860.638970836518,8363.059588158365,3341.0995717984597,3045.742409711313,1341.5015139347618,857.0673765273115,2362.109910487371,959.3949274892835,0.0,622.2352717550328,5477.993028748242,0.0,1523.051929151793,1195.8067242386617,2518.649547396445,1685.792893689826,1652.5589411725327,3493.994661619252,3104.554246611343,3773.9942606078666,3177.434650648378,1523.8429783363779,125.34863049787025,1.1661798194396604,0.0,117.50360938759773,4938.626803046706,74.38781057598933,0.8796644187246437,0.0,0.0,10.630883958895245,453552.29597325565
1792.7770124708725,8279.804157842525,3285.8484509679943,3340.168216370509,0.0,992.1679440107307,1986.109836848656,881.7449985118778,1646.4873390144733,514.7498882866861,7581.616331086827,409.88944913476627,982.741055435276,1478.2460472100508,2410.1390252864658,1522.1633728800218,1362.713857929036,3092.658111601892,3096.3828006044387,2824.1287989454872,2422.8358810373497,1957.8410706226105,144.02409517700127,1.7710301532937303,0.0,116.94801219138496,3876.6210661815135,72.65784510049404,0.8491555457176679,0.0,0.0,10.904518679401008,460584.5581246092
1497.191441096387,7424.293595168099,3346.5607337399533,2799.745711170276,1486.4084295681691,1401.8970576267616,1856.4310990513843,687.7709744994565,1192.81511454911,535.7639890464101,5101.574648153627,327.96200611368846,1450.0601102580094,1851.8727110793552,2870.183946797524,1814.8190484386369,1341.2188115966649,2740.0200490858324,3217.117539542996,3095.319262151027,2130.196593200453,1845.7153658719983,139.69373049273753,1.4052644873052464,0.0,119.63905825574903,4340.090600832142,71.525010901452,0.8255193395097955,0.0,0.0,9.22159607603734,461064.9120592153
1186.458860415996,8057.0148785197625,3140.448596188878,1944.8514770649945,1835.763726442634,1346.4594083978757,1796.8225509744616,968.9417332615692,0.0,498.06627664632657,6191.896033842857,386.4194075153755,1669.399626758004,1193.8172398134866,2232.171415461642,1466.6492569464267,1268.251292591934,3802.0013526537045,3017.7887431694935,2824.6873180773264,0.0,0.0,146.8729285681519,0.0,0.0,119.21592790062812,4064.8302047495054,76.6009654963332,0.7920611207244078,0.0,0.0,7.500856419080126,454414.836580092
1520.1767043018137,8284.184507765014,2898.839039392246,2634.715641661798,1399.411570120553,1207.790663980803,2105.8737326041364,787.3609902478983,0.0,567.8192801866782,4209.235819612755,0.0,1600.362509110619,0.0,2515.468227335826,1441.7040039915003,1739.2205435444312,5371.6734354331265,3159.925560795098,3107.6006880339587,2020.4109032503743,1969.0770185816596,137.80551392334826,0.0,0.0,119.25553147382688,5612.389138985498,79.6156526484122,0.7743565919456874,1.010848704532788,0.0,9.174328807406614,452491.4354578767
1556.6416892221177,8438.048758768837,3197.966031166155,2092.9650048019007,0.0,1081.9099318283488,2411.843952842818,735.2680004906382,1613.6117685381585,522.2373129705054,4966.760958498426,0.0,2009.7554485352096,1796.6599852427807,2251.6219520582436,1708.387864640572,1332.0696613018142,3851.555209667529,2306.873202734582,2283.718309370117,3167.342578940911,2223.998839082491,138.465992444715,0.0,0.0,121.99488197554543,3237.514578087061,67.4108848480202,0.7218204008459118,0.9342728496167241,0.0,7.9660576403661105,451745.885053157
1949.9466865069378,8671.517218972756,2995.4916264277012,1598.2142495750786,0.0,1333.6071005902547,1874.0058225342868,1028.4881341428784,2015.2320398202712,473.7604983419747,4283.105951618872,0.0,1379.1353685866147,1281.4244449722873,1780.118052428043,1449.5393595408038,1227.740605951079,3791.632150855552,3183.088525311216,3297.6864567953758,3393.7227147239273,2305.566690248671,134.3625109424347,0.0,0.0,122.18746847314328,3742.3650103406862,71.40870624712261,0.7385315989301904,1.3226006100598875,0.0,6.5823969323168585,444955.832001079
1720.8915506967976,7980.41553756212,3444.177770580495,2240.1618607907894,1863.3218410349025,1541.414784071388,1952.421446641485,858.1074562997742,2673.626592766629,429.4808691623275,5341.660962403245,368.8001195559059,1835.4431660133644,1250.332381369395,2499.6162090375387,1390.2340447265808,1389.1835230332604,5813.048857841826,3211.8795985195397,3486.6249566238084,2595.146243173932,1582.5046913086144,140.21846990630033,0.0,0.0,122.20111627092132,4428.633181011879,80.22052176415382,0.7265718980943673,0.8709431834239705,0.0,6.860600139670773,461463.1274157813
1561.8958965705503,7662.823291310273,3081.2556267765817,3076.2661590145763,1914.4791165480683,1561.6128863179806,1462.769725465165,1250.4915564583916,1549.8653201851387,536.4674576475727,6437.135314112709,428.1934257839104,2334.627644385756,1279.925174021429,3075.1172260455305,1621.056273984895,1664.5891117576746,6251.164373801026,2716.2406360404825,3880.6134332902893,2414.4307241016954,2287.7873422075913,153.01971651532594,0.0,0.0,124.44711475911824,4903.552995075688,75.63131970113123,0.6984349336672571,0.9170043687614087,1.814856825988755,6.0725552485374505,468010.68043875584
1686.1796217512288,8301.530739641305,3111.3897306292283,1889.5362780734445,1792.546720018732,1619.7083700017001,2247.5933544638046,1376.8922378583193,1524.5223548623874,443.0698066885674,4803.740389903462,531.1568815337832,1665.5024304083408,1080.0161856923696,2917.971889653334,1374.912031738774,1722.3787493574127,5411.522463008851,2661.367385535328,3469.483382425604,0.0,2141.126343231944,149.05522895801965,0.0,0.0,124.22072917073201,4463.414285077844,70.40329900843845,0.6910241121117495,1.069048972242599,1.084467739487947,6.706911652936095,465661.87539523107
1843.9932685065235,8615.69050136046,3050.7352808984956,2539.6871416399536,1649.9172141923639,1105.2607912796345,3319.875028168025,1301.728039285501,2271.22407608205,410.92330498288607,6015.625404613452,351.08516358603896,2420.6833654859447,1445.375138695671,2718.674149479683,1404.0450350205253,1573.978476731056,4877.988323842316,3621.03130860061,4190.475590032076,0.0,0.0,155.2864042111536,0.0,0.0,124.49802903905635,3869.4349683181917,70.6267463852955,0.7262744479759768,0.0,0.20326246233557943,5.828887667109899,461434.3181666123
1418.451286411739,8166.793296833112,3044.7433537177735,2314.0895845088608,1877.7102723629157,1115.9872746384715,3220.1711852472463,1026.9402158489272,0.0,501.58651505853317,6177.881365803499,420.40674187276454,1650.4329848226748,1179.3782772022998,2462.389379081238,1933.024356986827,1250.6730537906133,5084.540358774057,2636.6364833921766,3459.4676996852086,0.0,1632.2461303846503,160.1726175849023,0.0,0.9036278427385527,129.23522170878786,3194.359221505104,73.30266424599981,0.6914964728011378,0.0,2.287792420124391,5.21427020165339,457000.5460236132
1314.4547980056927,8764.938031070717,3059.018124192002,1907.232820745837,1963.5040777736397,928.902907000843,2540.8797902620117,1054.9106122803464,1298.9861128527791,433.78032902207946,6297.531805034778,348.0186988377932,2644.8333976823405,1308.0418332935565,2800.964672946023,1627.7979476780845,1074.6090561419815,3932.418771915042,4397.464321797466,4103.089678426098,2320.2543218856376,2485.139440688766,163.52225683602416,0.0,1.0568539118596403,130.08694268915977,3376.22429174181,67.75119313071269,0.7652900451720059,0.0,1.3067792274771906,6.7669888067299455,467015.4724148947
1058.1662006166728,9541.807985666612,2462.6567222727153,2961.587438227282,1386.131084874314,889.2243372463113,3278.4448495680604,965.9421818586945,1728.8182913638752,508.8554923944613,5979.0162771687765,423.0068255919826,2584.0216060931994,0.0,3153.8909612306743,1396.1434857705785,1531.065534986497,3586.1346853314762,2805.5857478351472,3495.0217651422345,2543.0081801960214,0.0,162.13412914263768,0.0,2.2342535573940463,128.7794480406463,5226.39044381145,70.11832830271806,0.7152558619483457,0.7945272891706776,0.0,7.403970485730023,463892.3724152689
1491.5764287978861,9745.783508333436,2943.3054757960176,2352.667961106551,1646.2429152924628,1139.7479080424591,2491.7513175471854,381.2247206385555,2161.845291829095,482.577044671982,6287.834972966723,320.2170358890513,1906.8806645119837,0.0,2902.2515145548296,1491.2198059833997,1568.7139613388438,2863.8123617928413,2975.205047153908,3232.893300100817,0.0,2269.7633577328593,162.11833277395877,0.0,1.2651022319067449,128.63473130296867,4397.267606179469,68.41213015405417,0.7360671084964694,0.7188804829803741,1.5816102158565415,8.419825875493453,462693.1699668928
1429.0692818714674,8803.819998799801,2868.2525660049246,2573.3328450205854,0.0,992.5211819215406,2622.374140738358,237.64985453992472,1602.2278728217668,589.0969716613786,6760.620778812145,0.0,2135.308540300388,1714.6734449056794,2628.0099830151653,1583.1045653852177,1478.0977880915982,3993.01861250182,3685.4317925805235,3259.024545761673,1878.4187049042634,2536.7510601615422,164.16166834839314,0.0,0.0,129.23349525080388,4095.754650571535,76.20319775569801,0.7810058524747224,0.0,1.4513938947476697,7.3869512497211645,459114.7134760922
1489.6866243912464,9551.487704547722,3556.0343549183435,2539.547329619005,1838.1940481826807,1160.568967382017,1723.7589319601884,352.4813686697173,1526.752422987131,510.95169327343774,7112.120704442981,387.34675232422353,2785.260013795455,1225.2615991309644,2929.9519602788087,1798.7088908527676,1088.8731951853604,3883.7830798855184,3630.3827161978343,3104.4119876442965,2660.8024830881677,2766.6374133558174,166.54878771532532,1.0054066826713097,0.0,131.34512002649294,3152.954707620321,72.82005263352818,0.8000651725833736,0.0,0.0,8.106197645799822,464946.1003783874
1474.8468598241386,9673.849704851438,3477.3614975672804,2816.659178855258,1790.4808442718593,1635.284075032284,2115.2111358376005,540.7091920295427,1420.7711923473732,538.9446637156051,7400.402940327277,396.41305879309385,2476.22925703038,1884.8895192044092,3257.3560821400224,1261.260473579407,1171.4559475514782,5013.211084137743,3668.167999374495,3042.806745155227,0.0,0.0,168.56720862725308,0.15480167368774178,0.0,128.20758992754187,4347.87207557378,78.87591629029322,0.825628577599894,0.0,0.0,8.873140714875728,463439.17210731294
1412.5823508138094,10260.446346599303,3909.79878462681,2988.427879030128,1570.1520782701818,1650.5585350335846,1609.2729898765517,732.1937598524917,0.0,537.5688236377749,8129.4783650701465,374.14114518715655,2366.9533733234007,1578.513497301237,3012.7444957961193,1756.9392861037816,1431.6538947014265,6679.156888318421,3852.401931191021,4177.08312214754,1834.6254169023928,1980.084156146166,173.69205438046458,1.5542842556728718,0.0,129.97865501634467,5074.553254590347,83.53304277099133,0.8593891356798057,0.0,0.0,10.091638840034166,465708.74633902375
1509.6985633523977,10553.178182622485,3553.0514827716825,2737.2907944948124,1911.4702641694523,1235.294061723659,1449.6100413533113,1141.4862028660111,0.0,536.1708319938592,7886.101014574368,403.4623047251051,2779.2209070348194,1044.97184741697,3355.709774406128,1878.557832486253,1769.7005641781036,6314.24709803893,3223.1818515206523,3786.3315098169955,1952.797741754515,1850.8858708565094,173.3523498549402,1.0429745213962094,0.0,132.04888801912128,5663.327429539898,77.55376971676839,0.8643918274174579,0.0,0.0,11.290243966868077,465776.4694960637
2151.683725715753,10650.824277442542,3802.9638568635,3081.46733215645,1941.2830195842082,1353.899618018896,1579.8173144790535,1288.2019404134826,0.0,517.6917317234811,8653.461801760952,0.0,1616.7212065782646,1330.1809484472194,2890.3351739873833,2155.263953674227,1234.450962578409,6798.710789432902,3210.7094010139076,4818.667946332871,2508.958002688592,1025.7052062320959,177.08011894510747,0.0,0.0,135.60825035192676,3358.5533033673296,81.7140803280648,0.8947009168984782,0.0,1.732643498483045,12.508223212503156,464398.71600883384
2157.4627882956797,10610.736546197882,3815.850192814645,3069.4169985284593,1976.7122350205277,1415.6372609780115,2762.2494072381523,1061.6782273527144,1767.476328809748,529.027950276577,8830.538338870881,0.0,2323.649364371953,1212.7243128662235,3343.9539693762995,2112.9679307183587,1114.765335145803,6372.018910377679,3819.405313124098,4863.637174220296,0.0,1376.8368204219537,179.07787250639075,0.0,0.0,137.54614622319806,4266.912513369874,79.2155979413234,0.9500389732276133,0.0,0.0,14.644455290125483,465029.67487285647
2061.211761212491,10608.0922359988,3909.1933465198927,2897.275055353977,2059.562061062277,1449.206287139573,3612.243526443515,1565.968385769167,1121.908375095952,587.1632101679154,8240.796313866422,347.80139881252035,2679.08982457063,0.0,3559.052334332617,1833.157952844646,1238.5236705156294,6297.528032317189,3881.482590084783,3917.411306281428,1665.2871226096345,2561.1151074672607,173.94577789624856,0.0,0.0,136.37148543640666,5029.451682544674,81.13686970719739,0.9854532580207537,0.0,0.0,13.649137322316115,475297.51692207897
1656.8610323999671,11089.786175624105,3646.371849569967,3094.439995853356,1774.908750135953,1561.3885907576102,2848.030419352321,1355.8644360024773,1272.4343561362944,652.7724408211903,8681.738615375732,361.56300476701057,2251.1671164799773,1425.4471998341487,3289.8217854057034,2244.360385367124,1589.5279235982011,5449.332699384002,3771.512618993999,4649.013609776875,3050.495207927133,2596.6177919584275,171.9834858714593,0.0,0.0,138.78545779328593,5970.332207721311,78.52957081366993,1.014734511295203,0.0,0.0,16.082623338929288,479725.58184293483
1504.9902530034396,11101.929387024113,3501.009997081694,2498.587346442987,0.0,1638.237454055312,2614.805440589285,1187.4360681611388,0.0,596.5790284007945,9921.62345908081,354.39793262453384,1821.824747290627,1999.852799757074,3589.3221989933086,2213.1068116175115,1517.9789630841567,4184.535787542134,3046.123106906774,4222.582404700222,2061.689822568114,2353.127951171479,178.62524054641224,0.0,0.0,140.0404291019229,5092.622195486965,76.46969947408624,1.0205076144348255,0.0,1.876268542671203,15.639035478029182,472817.6078978807
1748.5269822913456,10128.928573742867,3965.724601364532,3138.548594203757,2154.9430958367966,1358.3292207259865,2422.732262617439,1016.6540896152295,1373.8014036302359,559.7522704245753,10136.688334401362,0.0,2316.6381006933407,1688.5723818395227,3392.689102727613,2216.1535988849305,1424.5258950574541,5073.778009378591,3973.57640089617,4393.095545040325,0.0,1719.7116954659316,183.45976196774723,0.0,0.0,140.79289522649228,5068.057516775234,85.25751331440092,1.088698737108935,0.0,0.0,17.16079910382068,471945.05979587947
1558.8896947430762,10086.053554274395,3673.0940430236888,3621.8118923086718,1241.9026811478875,1524.617846236549,2527.5094671154466,885.0731886166607,1214.7238084579417,603.744776675404,10761.09198251823,422.3603655085668,2598.5099911612233,1034.7748998471268,3711.648360990681,1905.329573870821,1903.7783546922415,4689.56150057907,3555.135845869219,3881.750272447259,0.0,0.0,190.43385922807246,0.0,0.0,138.60751438678955,6876.68485186186,81.64863152893456,1.104594396099714,0.19852449743483025,0.38700657524863147,19.213065570313642,469874.2951541697
1991.1859265586693,10059.768524000738,3873.0053770252025,3160.258310838777,2023.699869076635,1504.907066916332,2768.4452428206973,638.2620928367239,0.0,633.3509725667142,8849.70740650601,450.0073658472219,2837.4530181851937,1063.4100036097684,3950.726275838669,2531.008980714774,2246.960739547867,4631.926744459775,4676.580075404687,4970.216967238876,0.0,2077.480284006395,179.32884063263822,0.0,0.0,142.20544306973102,7001.247485565382,83.40467679873807,1.1776679396139829,2.4352739956503697,0.5040443877462375,18.57302380319559,472986.3544141995
2120.5893617419338,10466.692125942667,4089.136808150778,3669.5385655434907,1563.1445249184108,1468.1525128095495,2892.346912838476,433.4889514061722,734.6472332377523,693.1071750871745,10851.589076164517,390.8481939086045,3030.9843702509697,1488.657361193242,3577.02695304943,2316.851332958239,1936.955892698564,4126.341707989141,4421.0256245950195,4193.77225687743,2425.645381236668,1696.9966419701109,186.39881730019295,0.0,1.2523521114868852,142.8942481056471,5374.664207165159,82.09308700135506,1.1963604196976854,1.0716367044432753,3.130640865361106,22.02356210418064,481448.50335731567
2001.19387132702,9903.758402223053,4097.104069891413,3305.110327857176,1457.103672423364,1642.8979381391391,2902.6200968312974,478.8187736184233,940.3316698038983,655.1433764642745,9057.92103206881,452.9475912250072,3412.1356950882655,1350.894725641886,3772.565944885634,2885.5810856310254,1697.6995557546277,3514.4142366774176,4341.215658989396,3993.5631829818617,2594.3092350787333,2155.539515531888,176.81676327987813,0.0,1.4143117575373194,148.11692802953397,5389.001175233816,81.63035992394089,1.2194122434367975,0.5120252809102916,0.0,22.005416125806086,483330.1944175687
2154.5164511205003,12496.814460744596,4404.902475825271,3720.4099265477203,1815.8360622660614,1528.519631476424,3405.375448065958,643.8368365267079,1725.480977054314,670.7023558431301,10671.368191408223,321.0319030208292,2008.941437686269,0.0,3281.060488809159,2420.2745841178585,1679.8928439689764,3748.511707489528,3654.8954312491464,4110.040711498854,2861.0338775751334,2791.3654017660256,182.49077185531715,0.0,1.268023105010997,147.94688022367066,5930.293700538184,85.17608958329964,1.216645343566679,0.5290850790481765,0.0,22.992424513021334,489287.2648139519
2067.523368636062,12442.409394109043,3719.9872245506617,3632.432189341929,0.0,1512.0776256263168,3870.850064707191,594.7416163098678,0.0,645.9428983662281,9185.94443369438,0.0,2994.117493635905,1377.5758601864777,3300.2849203551204,2189.1940138665223,1564.654544656952,5691.8324367641835,4125.849858517322,4081.7639484840147,3021.1707190212323,1941.102267026325,174.94041987579257,0.0,0.08309395395300745,146.00793147125395,5671.232412397923,93.59461708120118,1.254912939961786,0.7865205120300386,0.0,22.567529047919923,481346.9717687199
2471.3652864887536,12488.183454660355,3610.1075700360434,3727.31379627322,1595.2078660646193,1363.6152029618654,3948.305715638734,467.8654035166345,0.0,663.8604975591855,11662.488242736781,0.0,1684.739781328109,1550.2391032712746,3878.314484149196,2582.0913978711674,1046.9312701267936,5677.155196363403,4006.628169861833,4877.285864361175,3431.212031966048,0.0,189.39970348927028,0.0,0.0,148.08750722756255,4355.09719392217,87.89382806583073,1.267351096529355,0.9991737212899531,0.0,23.89768489228838,476081.60941785394
2536.264694035637,11587.62600130745,4064.182582381492,4361.906840415065,1803.2552209090074,1192.5125846804322,3687.8456151256773,591.0317063881132,0.0,630.7744373426154,10235.448077156849,411.693985681337,1679.4839718896835,1569.5779367341738,2960.480372975242,2198.885679482253,1549.703060613884,5418.150381538635,4633.161515966227,4354.093423727041,2107.8601526454204,1203.8861573198433,189.0857453623858,0.0,0.0,146.57145172395718,7095.204188235797,87.09276196924374,1.304606512666761,0.0,0.0,23.76111446843259,480722.9187766031
2322.6053711859277,12971.330035811108,4119.480344903603,3920.154703808644,2361.545112590235,1223.922640493928,3796.438463574579,805.7032499770506,2082.930870101819,613.3952931045849,12121.97742533235,375.49663528256,1983.5635528099733,1568.674121827746,3456.708842688067,2214.8845715578173,1835.353146301375,4936.069058397978,4554.468485257978,5139.169686634501,2189.70335086691,1906.57867962252,204.63290217375902,0.0,0.0,145.92522198394838,6910.623145687012,85.94957691901996,1.3112098187430843,0.6400465906405439,0.0,24.574548726092836,495244.59042269166
2250.2644252144714,11918.237854618585,4589.202042964434,3354.1926741968236,1458.5649006949734,1048.7059538171684,3213.1130601569275,1144.9293425801143,2204.138479522643,703.8596828312023,10770.39840443978,456.8302169611893,1551.0974212543094,1232.097677967942,3733.4149062232595,2163.7122503661394,1826.6079991408278,6505.639842977007,4679.908943514753,4235.1106547798345,0.0,2263.917525946068,206.2940354903327,0.0,0.0,145.38843797731104,6266.7525514373965,94.5047960581344,1.3216642446733178,1.5080850306024327,0.0,24.520289569403776,495715.91744103335
1644.3091857067425,12210.987606442839,4325.166859823356,3755.659410493377,1931.2690760865694,949.3713770630035,2670.927070311517,1141.1158043076832,1448.0026604276743,671.7155312677829,11058.992351835721,0.0,1849.6512526291954,0.0,3405.3916298848794,1907.214829114138,1603.271602896196,4805.241358428552,3871.498722612072,5397.095293787689,0.0,2386.690745191564,211.22224064484027,0.0,0.8347390708516051,143.26322380573976,5582.5624012180515,82.03420898161355,1.2925499891277048,0.0,0.0,23.61238806981323,488001.13224783866
1254.5772782337676,10956.463926042032,4028.0013888504855,3471.3765829706026,1710.906395714051,1250.2439656121178,2810.2255406922686,1340.8354516512886,1315.6828806403148,704.5818387644612,10721.301523578595,0.0,1672.1928415736427,1350.269024925152,4019.3703023770486,2661.769926168265,1632.2299312333644,4561.501709754182,3550.3461298120646,4558.095435019386,1947.8482139080675,2198.553179955813,213.92308551071005,0.0,1.4197962414186867,148.51736671482777,6142.552186270115,86.10162341047337,1.2783833643910107,0.0,0.0,24.80381634695852,489829.82264950604
1352.2259792372015,11619.228955288643,4403.142013093445,4069.22202695333,2582.182904858075,1427.9721120340785,2918.099785534771,1030.9454218577312,1812.2016169782635,677.3940750434944,11305.586101416258,0.0,1966.482789412116,1733.1637946031842,3442.9102897987636,2995.8864399984186,1365.4350288647954,5136.137699064555,3719.0731658282057,4301.183440268647,2663.156655124031,1738.872981934487,222.53408688867768,0.0,2.3733596443359346,155.48962146605837,5212.149443441173,89.16028363243393,1.2788748459537542,0.0,0.0,22.648979298392952,491067.5867727696
1976.301424778273,11306.93537845263,3900.1275056280156,3923.4525926607744,2187.3010350170384,1362.2715430169417,2782.673424946623,970.0323914437911,938.0639875205999,691.665278204898,9905.822781233896,0.0,1736.2341817525437,1389.050235045239,3289.4902504519073,2644.29811322988,1079.5773457981836,5021.940390631942,3321.3897875500875,4424.944648233272,1962.1071267022103,2080.4634723004815,220.02566888072272,0.0,1.1374034687606025,158.0035221433541,4855.267864226072,86.5004622797068,1.2538707857432798,0.0,0.0,22.12590616006856,488220.65691389964
2031.0927081265684,12015.896581731444,3878.0304168416783,3044.947705483871,0.0,1692.366346248786,2297.0747425119753,1006.5307339212504,1727.3126556949767,627.6047281509448,8935.877365936125,0.0,1829.2596699335659,1269.4076358002076,3503.1797013339446,2471.8047713556716,899.0294789633067,4541.351069777801,4189.602649425599,5087.584070698006,0.0,0.0,213.3093928025192,0.0,0.0,158.93839559944283,4855.913431874852,84.24914201609744,1.2733160580208183,0.0,0.0,22.76911015648495,479728.272815197
2068.4922434602604,11558.40628996241,4150.6174597168265,3580.3071614854894,0.0,1624.0875324718818,2225.7685063011854,1441.2328998212101,1623.680958700631,684.4298184493312,8625.257549436617,405.8026332412386,924.9615994017586,1340.961193779431,3623.2531347422455,2461.3057907787074,767.1227750828963,5015.177199483813,3290.6378417378974,4090.0356840240884,2730.360442707863,2176.6951479274967,208.98716419809676,0.0,0.0,160.16273831334047,4765.725652279918,87.27978039253304,1.2218623824934205,0.0,0.0,22.253297407700426,496774.97456924367
2225.405759686094,10620.081731102593,3795.0876570376167,2892.0025094246457,1884.2133542214165,1524.243361192953,2872.66825756011,1444.8346160828964,0.0,645.944319963816,8494.830398748742,381.8077584387774,892.8515631337998,0.0,3356.148531386397,2178.9744581424825,738.774649937626,3145.695017169543,4048.467515410633,4094.159037148005,3035.5330657758245,2042.5741463355587,207.9051437098753,0.0,0.5880121925773965,159.36409875009943,4881.258857114992,76.83444640590051,1.2301960036195179,0.0,0.0,21.627776445543084,499162.7310530376
2314.5183790269284,10572.424496452655,3808.821717627854,3568.3736555854575,1482.917467906287,1557.397725693957,2086.755470081047,1229.5223384512362,0.0,771.8399688816309,8797.45000640419,366.37921503240466,734.6857819285826,1801.1740631400894,3421.7022477230225,2002.544744448343,1366.5364116929486,3543.414194643715,3904.024490282716,3890.965565102214,2498.787257797453,1042.4363003115143,212.59685090496728,0.0,1.2273907837678864,158.0657930995491,6810.245274109409,83.67300908612683,1.2011260664421854,0.0,0.0,21.614623476082016,497562.075408468
2551.5254365637315,10263.32784867106,3918.7500612765757,3011.738240429637,0.0,1559.0654788990726,2025.2475968620095,1491.4076703445007,309.44726033332745,681.9509502895974,8659.031016912022,316.8971902761701,1105.1831197708548,1428.314589210049,2916.780756007285,2102.7267374781377,1066.2379264293068,3537.000904340858,3852.842954964551,3010.6268041837384,0.0,0.0,217.9709694127182,0.0,1.169270515498438,158.7504848513002,4394.738465075775,81.58939551156794,1.1729190024832317,0.0,0.0,20.05492855123421,489791.47698119585
2896.3516702595416,10381.741744337169,3743.628798301512,3548.48351178566,0.0,1435.0029551009086,2294.4685209423624,954.6685782411687,1947.7750884358388,645.6078234343388,7933.156206274333,340.0354426770879,2298.0025335869886,1442.6061766903804,2782.3599586772157,2434.2191718526915,1509.325558825936,4747.821437186949,3096.1760785565184,3098.2839868336882,2951.51073352024,1612.2759329983833,219.28245344384328,0.0,1.2336928098479933,162.7718853142902,6324.802984349606,86.11187441287618,1.115526638377936,0.0,0.0,20.39323531451481,495450.7802380118
2608.233397621294,11374.697077418397,3382.3307164968387,3255.8234935653704,2018.0774374532143,1510.013802605067,2624.9863355577645,953.5138361931777,0.0,504.0975261155224,7861.690706300889,456.06772489613957,918.1736657514738,1602.0380644309726,2614.929205442766,2156.6731400610993,1585.2878515955354,4420.647214517054,3604.8897384020247,2919.8576054973473,2749.960504116635,1622.5041211003713,222.87389031488814,0.7616827093253338,0.6375017481391752,164.0677377752178,5475.334780136115,79.96300015725971,1.1044433066200587,0.0,0.0,19.18314165901557,501057.6729212147
2387.05803532564,11411.683605406864,3629.3481859203157,3229.0995970164577,1546.711433967338,1889.2897723562974,2701.8104833945263,1067.615611724484,1063.50481853875,609.3085574484163,8422.822464525078,0.0,1371.265965244563,1607.9651763649888,2792.3149308415927,2100.058155825451,1759.6649949477342,3511.790207359861,2971.54288411477,3974.4026620098934,1808.0822868320415,1782.0569195774433,232.97656995673617,0.0,0.0,165.30372421666908,5732.012408256642,75.97784360505018,1.0483981532368691,0.9248680546808171,0.0,16.01065384685415,503384.95398625446
1958.5964523217845,10214.573172928873,3802.565036617262,2486.6432338731756,1851.5203146697127,1698.3496347125217,2244.413806099873,939.5645429709039,1900.4454496216063,629.5461805782207,5971.726034125705,0.0,654.7254242424541,2108.2624647005305,2270.5965299389254,1826.3722899522686,1889.1266870495679,3400.1404487965697,3090.1560036139667,3278.943800782226,2382.376724714098,0.0,224.03947143190058,1.7570216838997625,0.0,164.68855471694576,5630.246145732675,77.32310519518384,1.0200065945346708,1.6049480670665415,0.0,14.631450607074656,496107.27680214244
2010.110938722199,10532.999508346733,3231.5464314758033,2364.76573356402,1661.5291249070085,1781.4064817651617,2603.209181280114,971.2777057384988,1687.7543917958249,625.5814717876958,6438.7008410824355,418.93415708797016,2253.53727924011,1434.0146936820138,2389.9714894145327,1776.7876103915564,2067.119522202195,3949.3234550237376,3460.0960946461987,2498.5838572475277,2802.472731881185,1536.3375798689988,224.47055507112225,1.3242703208628495,0.0,164.63751371477375,5777.318831977222,79.1166135835354,1.0006735260621065,1.8401682660143792,0.0,16.210577542734626,505376.8693360157
1478.0550061308595,10243.359269434666,3217.46575325213,2413.510600776287,1959.9839164642833,1643.1365129347816,3075.2199919401037,1221.4921370419997,1817.322766079555,668.8760337424197,7153.745252149207,341.34070364547586,1480.0926371790863,1445.3422047306246,2357.6543988145404,2053.532603326848,1840.534049015187,2961.718644125828,3935.7767622037727,3556.397680046058,2335.8106407566775,1553.6222843755577,233.26068468432797,1.0908115340792508,0.0,167.68606751970043,4554.591749420526,72.02938430011945,0.9853368996217527,1.2617671898566476,0.0,13.540101542496894,505989.0356287481
1795.9894869080233,9064.949000749843,3535.746689340134,2086.3397885452955,0.0,2008.992649318331,2266.817495515007,1241.324265800794,0.0,560.6363443778631,5541.761741540513,387.98992581006667,1894.4905973244556,0.0,2324.1278054899612,1885.3810488405877,2175.6611886908286,3747.668889147837,2313.4620207018825,2757.9026762693907,3018.0470492078302,2485.073866639553,229.5521750127495,1.3125679097030947,0.0,169.17523356099733,5974.634001209933,77.62495854244011,0.8905294284498522,0.9709193321895616,0.0,11.945691829410066,503236.30180533323
2027.950644568113,9283.265170428622,2932.075564536857,2502.7951578608486,0.0,1708.9324802369956,2435.2338701663093,1007.2849688511351,0.0,618.9486250463946,6641.030301810748,384.8485724453746,1703.0791867092041,0.0,2826.7446214442884,1597.945830927449,1902.930828999837,4170.711106168469,3208.5479838274105,2631.7730602128513,2067.9535409175355,1911.066929054576,238.07533132954103,0.953839803052311,0.0,168.55055422119293,4270.4758530943855,76.12268638524857,0.8925537290720892,1.574781017443208,0.0,11.381355217899458,494698.21265731484
1919.91952138207,9775.961977116223,3121.04714020928,2802.4771280664404,1691.9616427837093,1777.346591418904,2861.580928472573,1207.343419801597,0.0,473.8798578182374,5487.113013128602,332.6499036118871,2575.9083894475034,0.0,2191.759592242642,1721.1264798682134,2037.7538836207095,4288.46461945397,1659.3591330408174,3468.943235128103,0.0,1551.1967884849673,237.32872879807266,0.9589948811780253,0.0,169.83353711102694,5175.349899141239,74.43853869960284,0.8028581135091062,0.0,0.0,10.408925417288817,495219.15968817275
2046.1785942313215,10422.037376645068,2781.4106991447147,2196.634134124706,2097.3992816859172,1888.1475262643862,2290.0240558896394,1090.7836376392765,1066.2246745571997,595.7891138456334,5199.208685104286,359.0436706067512,1020.2680806964787,0.0,2130.7214328978844,1603.322582302905,1887.4034316813018,4786.622567986602,2386.146739831411,3266.0769044245926,0.0,2784.864003324775,236.60545870464725,0.0,0.0,170.4035314935161,4304.8288827066635,75.45322638573349,0.8017059920964256,0.0,0.0,9.329171716893926,499464.48612545244
2361.93840378938,10182.671485415049,3418.4122248779613,2347.477251830178,1556.9857085039346,1500.7104101308123,2545.7814747152606,626.3567217558962,1186.5673977647239,615.2964531585287,5299.404397965416,409.7998587705085,1659.5632995190456,0.0,2209.048073225072,1529.1369417143953,1460.8131831123342,3683.5190686928545,2681.969536182086,2957.5429841536243,2969.2755470310394,0.0,238.65601051557815,0.0,0.0,170.7926507076831,3203.620876482325,68.23767869337183,0.7863934641409185,0.0,0.0,9.100196369707268,502427.74251634127
1979.1291730692278,10690.570171762181,3276.598806481023,1360.6341121686132,1666.6705362617329,1373.249640794185,1874.4140322177416,731.8941420841779,1605.0778511634287,496.17918328085017,5420.905591302533,0.0,1877.2990656405123,0.0,2411.2353011786913,1490.4511524072877,1605.7397056092013,5197.406732692197,2057.832502784727,2407.0630658414484,2377.6171110134765,0.0,242.52314072956207,0.0,0.0,171.30125515025534,4502.746097527658,77.71545522048908,0.7386771274958241,0.0,0.0,7.395420554814563,495140.549135311
1838.574983861107,10040.440317849458,2738.085850481158,1947.155952910328,1187.1880103633753,1279.3349486803966,1938.6339463996042,1023.967632223331,1029.0488754276298,507.4402945738485,5017.886412865409,485.5482438332462,1856.158717652529,0.0,2942.27519120844,1600.8092062162916,1837.363399223318,6017.635134505812,3255.507134855106,3576.7092952232556,2038.7054151574343,2217.2269325112,243.25973318326334,0.0,0.0,173.08205175893337,4833.853414455114,76.05852239042466,0.7633521321787649,0.0,0.0,6.803217663565299,501362.8032754405
2121.380087018904,9490.61451535398,2474.417769281757,2381.707166731395,0.0,1330.9880926205212,2544.5434465798385,624.9328577286744,297.43137782437543,489.614894242032,6175.033503361576,496.2538490580397,1504.7490237732054,0.0,2627.30799958431,1817.0031322214509,1826.9342518404717,5753.486139068901,3060.326156673599,3257.725272510257,0.0,2540.194292253559,253.6810471912728,0.0,0.0,176.5788982234127,4231.156646366165,71.83827433872484,0.7382583862535225,0.0,0.0,5.967556490872009,497807.88765673776
1885.9031961271935,9295.469685560069,2718.7142313916693,1963.7322484072195,0.0,1316.7700447158759,2889.252750206396,716.9088411770898,984.5468138028812,545.1389094879112,4978.209417256223,440.3456859378993,1350.736414576846,1682.659257471843,2007.8582822793032,1608.864948536859,2333.0120351948353,5550.227270428043,2301.114284507518,3333.3815511979797,0.0,2697.8836504647848,252.17472049388599,0.0,0.0,177.68227522247366,5785.1328891926005,71.36705374345512,0.6952259047804117,0.0,0.0,6.37895260340534,491516.893988049
2344.640518611082,8469.902700125238,2932.306281336866,2900.1939395077648,1423.5991133926307,890.4580935023969,3340.711418172795,961.2667277636677,1021.1718929516135,490.80305453909335,6021.781411629865,451.89029631534163,1010.2663226003225,1023.2325455308146,2181.625134535097,1943.2919443262351,1841.9122440590845,5304.276129639846,3006.416103416352,4375.790458699374,3035.4509466637114,1734.8739189896962,259.50633316941384,0.0,0.0,181.57169219079137,3106.8160225526703,70.62661954081038,0.7117369298782075,1.7215041865732672,0.0,5.890078092720599,504489.4812051517
2275.1302454887655,7787.59973202583,2780.5734329378324,2163.081170951698,1672.47864222984,1072.103289332611,2412.4553535091723,680.2297293083429,1313.7782727183758,480.5026164388539,6046.360095777541,401.59377941660483,2178.0001510924676,0.0,2417.2885030751786,1615.2355964564817,1733.47674825085,6181.024452092597,4171.634360539542,3035.5654044902594,2646.831340956968,2011.5225750788366,264.75312486333183,0.0,0.0,181.83029788648608,3819.8451283153154,75.12233397503951,0.7496710965904231,1.8348244074115772,0.1724776194168124,7.350292014637779,504495.6708869982
1762.984355749813,8542.235885660679,2692.104142405735,1683.044056849356,1684.4612144868702,1442.2745680769267,2391.488119508199,937.4080640166668,0.0,513.4065390013731,5338.891908450451,411.19164151856523,2466.9099622549415,1459.151358524641,2550.760792044209,1783.1017565820318,1712.0969460960305,6414.613149821936,2419.5521816259397,4443.895390090118,1953.8745300283667,2293.3202828211615,262.520742377398,0.0,0.0,183.62011567379258,3982.282050090349,73.38221376874354,0.6804660114859402,1.5834981268121795,1.4093984061655709,5.949529732891513,502068.11909261305
1879.380797010916,8504.928915445793,2700.5313299194236,2450.238247235869,1603.1371323004682,1366.3983933439297,2411.849430342883,1077.5832110838148,0.0,545.4192995017429,6523.743428597048,397.43345526675915,2305.808554863343,1671.2362802595205,3168.258403076355,1675.541871973964,1513.3327895065877,5362.972479233253,3872.6463334831446,3263.9504720472005,2717.8127904200755,0.0,269.55016708413024,0.0,0.0,184.12796206357453,3414.4291817842823,68.04666927043631,0.7373944991788779,1.4350506484522296,0.05820591628242655,6.536784380731026,498355.97103647597
1874.3057581375872,8428.929995294704,3331.8447112218996,2687.121134706413,2011.3190778432413,1509.277410669221,2510.9515087611558,1050.051219408338,1215.9930354851695,502.1077816501806,7008.015971793312,393.5605271057465,1655.1371687377318,1405.9245502895064,3175.5685510061817,1576.2495287879565,1746.0531312542037,5653.945256345168,3434.5345908392114,4266.797828109651,2497.765540655841,1660.8782410830322,277.3213792577934,0.0,1.345675609908909,183.75087532239831,4597.288446998912,72.79114542603213,0.7262858909858979,0.3830043414162829,0.0,6.927653544092942,509341.16094789654
2280.6689198225777,8473.886611269752,3150.63060145478,2263.578407445605,1600.360783616149,1399.0698536157515,2455.003329918895,1081.507460351791,1302.5946340042258,539.8303054253237,6475.425066454056,0.0,2545.74042371787,1309.5686451945219,3106.799924108082,1272.728703467724,1636.5928401801625,6022.3576591548035,3549.5770446608904,4065.8307744709778,1960.8413989182932,2463.8271736878087,277.4215912730838,0.0,1.5276759649018197,180.9989530721448,3780.87282113903,73.81407349361534,0.7401778331736982,0.0,2.4643474295984347,5.935049077954985,507348.02561442385
2144.4515309772805,10099.401426615006,3412.792869137851,2073.5028835750627,0.0,1704.2875796377,2133.8151553850985,1403.2434313641,2011.6244507474828,556.6658422730035,6879.158793751938,420.37189571781227,1998.5582258617374,1228.6626587060155,3466.709786102552,1533.2032681177755,1347.2978541094258,6794.345244398516,3135.486349604942,3586.253512095158,1721.5554420850967,1168.7509367891817,279.2468951281836,0.0,2.2441376311858163,181.23487479252046,3164.321477313312,76.4963663155466,0.7377026099312602,0.0,1.9197358073963746,7.740538956678387,507295.65012686723
1969.7024518886356,9498.418797137196,3738.933142785733,2129.1757468346627,0.0,1518.9350795277994,1928.851541881531,1413.388785681433,1772.391592673891,542.7247629059121,5480.505830107412,440.06103253669085,2380.216158540387,1317.117115236195,3183.9004464015006,1932.480815128618,1377.4763148196253,5946.469489399711,3157.3441842569937,4560.205574940097,0.0,1985.3682520410157,268.0073241966269,0.0,1.6598207768338402,184.6737118656518,3952.063242949329,70.82410082366671,0.7554326221560665,0.0,0.0,8.061586228581204,500127.0778886832
2000.5622422140702,10085.450719861781,3019.957066674172,2492.029056558978,1879.7783209583174,1661.2034743235706,2998.7790270677765,1714.9674510478542,0.0,602.4154957673651,7280.555099732702,433.2253983928849,2214.4795611949803,0.0,3334.7744998748894,2195.7310669047515,1017.6697598131071,5214.456114516619,3668.2791867941187,4618.942329735959,0.0,2177.510899836445,272.4526306967475,0.0,0.594416169440765,189.18088334457138,2833.844724874718,70.7990825216216,0.7951470984105038,0.0,0.0,8.230014251684173,502002.5001397069
2064.1848388677386,10255.585385309401,3375.265903638244,2566.5784859556334,1528.5969375399554,1686.4832646833956,3370.3680011534966,1570.052969848951,1697.678502159035,516.1814754349784,7931.856964803801,465.4612094879226,2786.3525254817314,0.0,2748.344778316439,2371.1023085635916,1139.2751611716935,4989.897394435395,3332.410486705281,4249.023776624366,3089.5340287420136,1462.0569119832815,278.7772235525223,0.0,1.4601706895170645,193.6691210917977,4083.594839672565,72.75266988158982,0.8056620593858963,0.0,0.0,8.602324539890972,510995.0048816396
1739.553842256446,10953.95194913352,3277.251380742997,2714.283036092656,0.0,1727.5541048490472,3487.236705377607,1807.9016506208022,1095.738042930504,581.4118604931862,8727.00565584888,412.57144266875355,2833.0405257382095,0.0,2954.2722291327636,1558.6646341961232,1428.3229483006169,5939.1885371685075,2952.71556618902,3907.2838384883967,2081.8827773434746,1881.834175775603,287.4514322475479,0.0,0.0,189.8841231694837,4812.699246915638,78.41810385970868,0.817229531539371,0.0,0.0,11.078701488145045,508617.9995019522
1424.284757802016,11152.170448661147,3547.2592156487426,2930.16358810326,2166.358515865107,1661.2054208873433,3405.4314519862214,1594.7366654609802,2310.4531040319257,589.0879749156552,7601.923208465782,448.68554564496714,1413.0307392348068,1619.17632366349,3311.4949301194665,2029.795642411145,1606.450506207917,5460.762973027564,2691.2167748777933,4026.7047191974443,2666.7169659915367,0.0,282.7160280607116,0.0,0.0,190.98263552534647,4836.6716235206695,74.14834413715982,0.8356447797654418,0.0,0.0,10.69406308534764,512433.34167868056
1499.5827992781724,11518.816488321185,3804.3822804017973,3081.6596517967882,1968.842516415104,1584.0270049551277,2930.891387775591,1604.293919506586,2233.199396205679,475.28953503463697,8362.959376243158,468.27055143834036,2793.392708297595,1501.004987895523,3143.744426532835,2277.5163252149264,1480.4469439516781,5858.1357419435535,2893.0037801746425,4010.6625325289497,0.0,1672.7461206913567,283.3145689711323,0.0,0.0,193.62314583988226,4159.121981296037,78.26280460276716,0.8736430990462943,0.0,0.0,12.625453169740863,513251.87605778885
1839.8424348937751,10895.79924181182,3214.809765118509,2781.136176709479,2193.0331042846074,1496.020961190438,3404.808658700406,1661.669511145659,1773.4976771471313,572.9414409516817,9331.09355987715,0.0,2007.9068963003765,0.0,3078.508463029663,2015.98563446452,1493.586271405402,5084.42640334227,4614.885803314646,3605.157238251969,0.0,1768.6807149875249,289.28831961325636,0.0,0.0,193.09172366261993,4586.3157375644705,74.48483011889856,0.9710448993396429,0.9593189584405124,0.0,14.17118520165486,508932.01832110854
1397.6767279945252,11400.883981826357,3882.921287291552,2921.706379894196,1399.239393501318,1662.413477590605,3868.5669782032724,1494.1224015912521,2046.5965230466725,580.2442535398633,8444.257608757094,371.84049178210705,3298.3873953512225,1518.3686974704613,3159.690707429455,2199.6632700559003,1371.513019160046,4531.433323509784,3450.2359764909215,4920.674106339794,0.0,2298.444509796974,284.5940400150988,0.0,0.0,194.04969504713765,4289.54833827006,75.35480915973253,0.9595180388479719,0.4058138439327307,0.0,15.673931248890268,508910.40326139063
1846.0065457047574,12180.170210351695,3795.804700371136,3872.1294439000953,1931.923445366018,1696.8071574207822,3970.4940681818407,1461.2608891774034,1924.0685681025043,557.0148223128498,9607.940295153652,364.42006597645945,3156.4083352029293,1221.7631929902095,3675.6728746826807,1922.8199985180074,1675.1779252179304,4451.304406182195,3680.52191114351,4472.856535181157,2975.207894783876,1872.3591122430355,288.54998797994165,0.0,0.0,192.21949583420627,5620.218842646557,77.64956302258211,1.0016904217856497,0.7029661104674945,0.0,15.252756726580278,519859.894467653
1861.451223637852,11996.785587583685,3765.1102607224525,3121.562275442984,1765.61308963529,1667.4990922630934,3864.5862182898522,1614.6420343248737,0.0,627.7298056777814,7623.11370516066,467.88068944752735,2893.6819281382686,1578.5663726101911,3519.6651911621097,2140.42503758247,1834.7871141218152,4152.206820401194,3279.5310740748064,4222.3023210769115,3053.4335831469652,0.0,274.09701134593973,0.0,0.0,192.57205880398595,5568.899270076446,77.4958799369851,1.0198892819925816,0.0,0.0,16.36005404151402,514867.55495294963
2031.7168138038237,11565.820642743369,3865.723559775609,2767.862525693103,0.0,1730.0261646112867,3695.433247002505,1512.1870417592559,1536.4673940430973,642.537015393339,10155.151788400837,424.51205157021826,2197.3070134692834,1345.846908845781,3637.199456098095,2262.660355130906,2067.108584966862,5130.127103534126,4029.2899454132844,4631.8873302407565,1897.4139395752927,2240.827371623296,282.2129749921123,0.0,0.0,193.67883360954684,6057.678780213992,83.68107824468677,1.081516537357156,0.0,0.12823094870969554,17.175712386862127,519442.04867353616
1690.2069743110046,10651.913778554821,3651.8808518529945,3909.516196805444,2009.83163109186,1453.490567526763,3217.351375053356,1382.946816381484,981.7968951384958,563.5024534232871,8972.223609120476,409.6208936428841,1767.7783059053559,0.0,3615.3880702711554,2294.497151870524,2019.9758310904672,3339.5232441531107,2763.6968672809435,4670.392015271577,2367.6947887858787,1754.5935682804004,277.30232130334764,0.0,1.1985190932363952,194.5879041414516,5510.154668663685,73.55717190531998,1.0654799196406346,0.0,1.5015446676210784,16.650844296774046,521243.87356629886
2053.300143734352,11660.313275050994,4015.691491267722,3640.067430261769,2188.1118779993835,1359.0539458097253,3774.8653619398942,1881.4244193376271,1602.4293847456622,597.8826481134978,9170.591203149314,0.0,2765.3602088561092,1474.4439094758548,3033.28589951815,2513.973162473044,1676.9626916142481,4663.126280749455,4344.795827172643,4738.610802002734,0.0,2454.3824546881465,274.2909513564415,0.0,1.1398880724606992,196.9561519914683,4643.714264991746,85.84260169518218,1.156534149215628,0.0,1.014685175375751,18.281195896159726,520246.48001498
1894.3040549396417,11382.041365360365,4165.952956789637,3770.2689129903074,2415.854189611246,1787.5503565331953,3620.5101359532364,1809.4283485668257,1898.8480866288069,671.6883153110009,10211.322738086128,405.26750930132357,2386.72043312435,1296.1070447478148,3558.6023968435557,2211.691891991478,1687.7464093374329,7549.473333229768,4691.312423888303,4495.783239542871,2311.3823876966158,2439.7316691032906,279.4415542603065,0.0,0.1832107061360071,196.03750744976637,5522.967077177677,95.3276343170356,1.1987557208599453,0.0,1.7949571905329988,21.409254749640418,527883.1086919017
1525.8284993301484,12023.038956723743,4137.9091523294555,3899.7708804877893,1385.2678985775979,1643.7394032488564,3429.0522228057125,2096.996737663629,2107.477117174525,624.447945484602,10248.149547594136,348.38962726194296,1633.7119674496325,1382.9576812009684,3175.2582596255997,2249.1203649963563,1765.141306990302,8361.102588708913,3874.3207469710137,5403.835970970458,1917.8489643664284,828.266771615863,282.7353592378064,0.0,0.0,195.6937898275291,5827.8284932460265,90.66086301438496,1.1944319164220158,0.0,0.19112415779648229,22.305772973864748,528751.8723511661
1644.2530021972623,11607.087540739554,4394.153056497392,3532.344283116005,0.0,1515.2207774121364,3819.9969828705875,2045.449997628064,0.0,771.9133571698621,10680.793538025187,340.01522556470536,2076.0847965223916,1510.468022540529,3737.078015051969,2610.733608521999,1536.6221730489174,8390.990243957416,4439.361006289552,4630.830898739073,1906.784440773501,1769.6295524446214,288.11192366380385,0.0,0.6977972103392224,198.50342474128112,5021.040345743502,88.89471212032727,1.2401475635531172,1.548954780770475,0.20700268594446636,22.589573884508813,525547.9696482295
1573.0638869064646,12243.142551629999,4287.9343165040045,3456.8138653611195,0.0,1491.69473469361,4329.926518966593,2070.7619030862484,1868.3089405738208,694.8307882511126,9141.36797524708,434.74007618035733,2626.3798319535726,1633.2811258656666,3376.6893322368796,2474.318287883089,1560.4866357888006,7190.433098055604,3779.6000872911463,4922.172362208071,2717.965510921006,2435.803374197067,279.8429892806832,0.0,0.0,199.42334428222406,5660.990266607783,84.00282172110015,1.236244392368177,0.9232378768738431,0.0,22.04193422880922,525781.3417700367
1696.0582177671783,12375.343076241294,4003.875086721864,3946.0731119535467,0.0,1403.3592642719125,3832.16762532866,1940.2468510845601,1810.0163561488384,712.6317280388027,10106.785272378698,411.9186271401172,1957.3038614724724,1465.0884914460025,3127.9110001278623,2598.579593714813,2224.1527448607226,7492.710820773543,3764.3887937943678,5901.618154530082,2525.3287219355097,2244.2828776308133,281.9034267012364,0.846658476301699,0.0,201.24898598600444,7736.053690449377,89.52082770453482,1.2536282900290465,0.7914754037932702,0.0,23.16149797557325,523584.4385382221
2224.70457856019,13006.11443785952,4565.989989783132,4184.051593188904,2231.7258773343983,1433.986956498156,3482.846768268157,1300.7206584247767,2198.5510078046536,690.4171073258916,11962.546197473786,374.6076468969044,2388.3600476447596,1264.5594529554614,2129.636308187088,2224.0548871069795,2266.0518161027617,7115.523343886802,5088.567114388389,5472.989271207395,2189.193038813075,0.0,298.4666226862983,1.1172134038168011,0.0,199.61052843385264,6455.497950784869,87.23925354697398,1.318509192568758,0.9258066123272027,0.0,23.656306926131112,531941.6847816173
2390.8128955443003,12507.308279398521,4339.832645118049,4505.765258958363,1550.6366442735257,1373.64456806619,3537.365461961412,1456.4188313929535,1333.1580847419577,666.1160874438015,10747.784544437172,0.0,929.2915361154414,0.0,3621.445382803877,2546.3422100202038,1740.0356005874633,7213.560485459802,4507.595468684356,5328.071823070946,0.0,0.0,301.50935114162166,0.9859840677724275,0.9273234953598395,201.4137948313371,4746.626446945269,89.07411343040297,1.30707651922538,0.6299579165820008,0.0,23.232775589202106,525460.2282958569
2118.290085610974,12664.565404820127,4304.246299795603,4055.973021743191,1751.863450879044,1475.1841112664692,3541.288370091296,1293.123580296776,2069.5328395189536,710.7461993775702,9987.822091895308,420.88388441867556,2247.2550260145704,1444.106478204572,2907.1779087451687,2432.0538069259746,1984.3635399919995,6404.053790782208,3554.26220339032,5112.7758787996145,0.0,2457.222941288596,298.95202320525533,1.141588446831539,0.7695728479513338,202.04847819053055,6673.2327632185825,85.2836697316086,1.2775672478590625,0.0,0.0,24.25495778488023,531424.1929991425
1771.5601700022553,11976.036346308068,3971.7513322192867,3691.670234182745,1543.6496126711058,1306.2056542926196,3706.1243622551897,1289.395588544941,1676.9066914522575,756.9998019273906,10998.458694696701,468.82781985233237,1892.3556448527388,1293.4755936424535,3230.5651048262366,2126.5578197243876,1769.9799747085485,7375.097707670448,4402.154989752108,4909.76958032155,1384.855217965705,2013.1793436550033,306.6486098104421,0.5127829241847714,0.4272529705526299,200.33586345552197,5466.675388837975,92.1137548222852,1.312712283686039,0.0,0.9785226294064243,25.478484032767636,539052.4788978741
2087.2018221069297,12057.24344300555,3846.5690739744773,3107.36659667482,1764.9675701788824,1440.598592826064,3774.949176973233,1269.3303249734806,0.0,701.6141038185011,10231.665909744333,0.0,1808.4834019509174,1503.2395060068513,2983.98692654665,2450.094581505238,1882.5662462307548,6675.4818953906215,3458.068217306362,5600.8561495801505,2803.3556799633693,2073.4026263390597,307.8952910283084,0.7962516327308359,2.3859765450056196,202.27877422524531,6270.47734817291,85.86037218710871,1.275390475365151,0.0,0.13782629197855945,23.781917961065115,534579.2585652149
2590.908417087743,13247.113555025295,4120.670462303338,3511.650323111602,1589.2908182092638,1591.0153253192304,3970.2431088035073,1438.2617065376849,0.0,654.1946213724004,10689.484449490992,0.0,1574.17943980626,1037.9094289839438,4014.9482829740373,2171.6621843671646,2177.695830078283,8177.342736856561,3808.6434475718115,4417.634020943499,2866.68557169494,1481.5672225338699,314.46360096569657,0.0,1.2947070040138289,201.82072894262046,6915.171135192513,94.47446223899067,1.2833775828431089,0.0,2.15345573585051,24.030542979708137,529865.3237615202
2345.4461104916104,13732.19366555336,3792.369446790913,4105.400109844951,1590.937596942521,1900.2908115964083,4144.30498712831,1184.8798210137807,0.0,583.1163422465863,9739.897892550727,375.79115028110937,2269.895833930597,1008.556102256624,2569.3329584619096,2650.1591804155864,2697.309198143813,8250.663979271108,3862.0941682987573,5000.0549283057,2538.0104827695764,1780.338930089855,314.00898700941053,0.0,0.0,206.0434168960021,7848.125644523312,89.7789480666123,1.2761118652681838,0.0,0.29365500331380046,21.811982802555992,535046.7180728088
2162.661961242835,14350.553154233445,4049.606969996452,3490.4976845943365,0.0,1468.719478540545,4029.4527638234026,1344.69431770227,0.0,658.0649071330517,10925.143444453932,404.8759379793093,2335.9577657166797,2004.5908081694515,2644.274998832977,2193.421857492807,2888.274912743712,7625.08153653168,4046.63034273212,5335.410520405815,0.0,1581.1551792678686,325.5384108918032,0.0,0.7617743049244994,205.79895098902043,7249.634103449574,86.3146298700401,1.270040800592814,0.0,0.53653770411732,22.652709872877804,529393.7613304689
2398.992872081737,13828.51266269272,3586.77921269533,3572.2141326893807,1364.350901552992,1380.6968156897774,3438.930052810053,1056.494817460005,0.0,688.3610323856647,9551.289956143964,0.0,1562.2615677754836,0.0,2714.287725721444,2459.4767129415523,2411.9468792477746,7392.576751098843,2981.3875678951845,5249.909654098807,3079.506589055976,2757.3913719253073,325.6566181688045,0.0,1.2041407169930705,208.49626895747454,5272.169783643874,86.6709180410901,1.21274976909807,0.0,0.0,22.732529779741913,530637.8608595137
2619.8014555494838,12765.69072922727,3988.5720736504036,3504.9062135534127,1930.0425950300198,1737.8379000826662,3616.3055220230153,944.3330083363443,854.2894208820176,649.6456987506924,9349.727667888887,377.7400316689298,2023.3554673623346,2078.0349384859132,2858.441648612817,2392.6242759440493,2021.7839917097044,6371.87278443917,3349.9748240297954,4955.545397391222,2638.050652364736,0.0,327.1068324447666,0.0,0.0,210.51904354807584,5012.029791070628,82.20801585008059,1.2067135054404485,0.0,0.0,22.267717685224955,542090.9380035545
2503.718637347143,12623.301734415629,3540.797082063208,3056.9425316328757,1906.3658046180892,1741.1550746452358,3606.1490564216065,828.0282447896734,1139.4485532480621,647.1817700364668,7644.90503680652,360.1949372016052,1843.7731349408905,1589.406657807527,2674.2311398099964,2303.208650361184,1698.7047062578044,7014.220142043347,3065.393596036282,5177.556702505981,1904.4678241825254,2226.1687420996736,317.8726427253084,0.0,0.27840079976936194,211.91637285650657,4762.511378328718,87.50440074926415,1.172718084003076,0.0,0.0,21.125192090659677,545053.2161365189
2510.4764954459906,12039.764566922186,3797.5352937732146,3905.558274162186,2063.0806229513946,1897.426051640512,3377.971983321985,1111.77963645954,1793.708190235263,638.5489203999773,7876.025059090281,379.6083490725555,2215.1583465665067,1722.2838077154809,2796.538123471132,2239.459262200564,1790.1039278023259,7033.415223736333,2616.1282464817045,4103.049322534124,2761.7245971354437,2915.1717045313953,316.37556835176406,0.0,0.0,213.11836029686773,5652.235388716306,84.78322227109938,1.1297077694395563,0.0,0.0,19.39020627458402,548169.5836334164
2547.6534625257955,11479.980264020136,3280.540155234052,2554.7254671392966,0.0,1900.1720362581495,3559.568983715474,1095.7145084970919,1905.720808927296,642.2512464121869,8819.203200692657,358.6858876268219,942.2149796542591,1730.3578193346184,2334.296322504991,1789.2728515211077,1665.9716664797386,8882.655194294492,2390.450619989992,4238.645570042657,2703.1272526364514,2121.497515229587,325.9119812835528,1.6635359919141988,1.194197841444671,210.9852933079798,4953.899212011927,92.07145204921625,1.0928489069180953,0.0,1.0083256726716667,19.086929877536395,545927.3299510907
2368.816285798356,11333.954620032891,3608.3387517899773,3168.8431722452506,2060.5242326148823,1784.4802533479801,3902.5756762473147,1097.5111195508848,606.6164427486111,594.5132852785777,7268.664068650276,0.0,1693.0239577851785,988.9333511089528,2892.9583911448553,2379.2039359704468,1951.7996626270292,8121.886432057019,3353.3626994360166,3907.4629353341575,2514.882954322474,0.0,323.70633790809654,1.7299980655242844,0.0,215.2004177680093,6001.830078849308,82.01549898874028,1.0993127822281936,0.0,0.2862710756260243,19.94289367246724,543843.9142809234
2303.1137849207125,11881.596680579927,2823.5273354207166,2628.2963049590935,1559.7632540437492,1704.0571358699958,3704.825314019292,1319.4597364472456,1790.864035103247,657.0722776644178,8085.709992450733,368.9100437142953,1699.5156682366953,1100.6452372298136,2492.483528301602,1940.7233905238388,2222.911218542855,7119.8385092147,2720.6104620364827,3902.3041947884726,2676.962668886601,1599.161013637144,331.7565570095873,1.2094341891861635,0.0,215.2971349863757,6102.260548068778,78.96943360261758,1.0434702217696281,0.0,0.7407492726606888,17.22332617143491,546654.753819577
2393.674064998356,12516.152621900885,3449.9206711267916,3070.3809820900597,2392.1368440270508,1551.835613221264,4071.309942637161,1372.7521528515817,0.0,745.382824333369,6036.395063177171,435.8834198736671,1056.9818789953933,0.0,2654.642215951865,2027.9155956810002,1823.1652946300746,8059.020979070701,2561.910841157713,4611.35850407127,2167.9721625434104,2049.0990706458515,324.533164934106,1.0602305014218116,0.0,216.89228573404841,4135.4089768858,85.27734809659187,1.0046272337351803,0.0,0.0,15.901173019942979,547688.963444505
2196.418799899658,11558.870520455446,3539.0464904631203,2770.1136873377945,0.0,1501.049374700222,3813.4500373117617,1138.0860123910093,0.0,505.8291439948132,6757.349098942169,337.6581789259161,2122.9684982125896,0.0,2380.288251876192,2082.022522942256,1410.3369620466524,7243.903943588539,3369.0439409856617,4107.7786475825405,0.0,0.0,328.1647445908626,0.8099513039403292,0.0,219.25408801340714,3593.853911070525,77.73841881893108,1.0019932926506707,0.0,0.0,12.94334294318631,535368.8383153446
2344.0482087655887,11651.624613861779,3377.2276680406194,2735.8688497758776,1591.6214705038758,1625.5891979761275,3497.2919385957034,1126.1185934018777,0.0,679.6375232520836,7083.574330923612,420.78566548403677,1840.2370535845578,0.0,2481.632477344614,1720.443176479957,1657.4395361645395,6534.540243735187,3042.096047702112,4006.7160015003296,2829.6895743173704,0.0,336.1791965864097,0.8605958854775674,0.0,218.67479389683737,5143.621059180679,76.13068794169597,0.9560551462984445,0.0,0.0,12.65502048180381,536610.3668575874
2384.5169063870762,10367.416562210812,3235.069529069236,2688.5849321535197,1963.1908296106974,1405.9736579107566,3250.220033187171,1081.9047222101692,0.0,522.7247278006088,6318.532558292507,425.1342748403027,1232.7801921682637,0.0,2671.4037444750315,1825.8355701857847,1859.653166335501,6656.6445048972855,3538.862607997017,4169.064636773876,1875.2707431029035,1818.0639194186306,338.5706929566438,0.6351657978431737,0.0,219.90750280287395,5111.667738759217,77.90661056471077,0.9418804035429222,0.0,0.0,11.873622588258327,540719.9066179069
2229.029382532485,9620.63112988164,2983.7807052987782,2032.6088097679483,2096.7380732684305,1813.6814749760342,4109.405383163707,1247.6095723720625,2047.2174112577363,580.2806951461778,5761.034191138726,311.51671813502253,984.58573173068,0.0,2391.5970499260684,1916.8136912757925,1760.4725246715034,7579.738337872794,3292.5709585385243,4637.8337959267965,2489.9046134766563,1992.2938565837762,338.4508528245362,1.3094656104268805,0.0,222.26117295966776,4239.912971951688,80.68658633389583,0.9002618533637532,0.0,0.0,10.868168930472532,550233.3990786738
2339.934096673496,10105.813338438431,3152.5955990087296,2600.1147277114515,1426.691076355803,1829.5635337709425,4321.874674327351,1273.4893001248458,1933.9101215388146,579.4548142764954,6352.400386685135,0.0,1904.5168113661948,0.0,2589.959705900208,1602.832613658318,1597.1303243392272,6196.396617044158,2735.4393640710396,4774.473814420938,1705.945531184602,0.0,345.3234722456395,0.0,1.4739882595870508,221.99126851403645,3832.463221552179,70.7678492036134,0.8481318190063709,0.0,0.0,10.192288175606773,545987.4656708625
2459.5275107705197,10014.866742576418,3036.6769629586065,2826.551251069854,1754.291213732292,1842.4920017917377,4292.280888220679,1002.1040426992884,1629.1870911326487,578.9020241398034,6740.110542700753,463.6168099135275,1287.4168809840623,0.0,2685.6531898748444,1708.7504033656912,1832.3189666043493,7292.426007158307,2708.149577402845,3570.494793593447,2894.3208442020414,0.0,355.24949258033,0.0,2.3346336987925627,223.34465246219432,4817.85471219167,79.10074809826064,0.8179638749687613,0.0,0.0,10.868878090758809,545549.6585364038
2226.891433537319,10750.964389423343,3375.2357776322215,2698.7731664564913,1592.1491945908622,1490.5584814155416,3976.066628654084,1109.5097283807295,1676.688707972164,498.0076106179355,5745.63267054644,398.6938976429921,1309.235020916337,0.0,2323.781057475354,1544.950446290259,1865.543823919415,7166.821065541089,3528.501317120878,2983.2524922485436,1899.4923752528073,1887.523827738765,356.24276736532,0.0,0.0,223.5421147965652,4308.868613225242,74.35892571463835,0.8222865350668997,0.0,0.0,7.9858100885711405,551395.7659316093
2201.8489438716115,9975.480729793559,2981.036452798687,2837.629328410413,2015.1399453209565,1717.8485151356783,3751.0958705004373,1122.43051237527,1598.7048012850005,496.8563743111603,6325.45531370283,461.03315804099833,666.0996410533061,1444.7233286813055,1859.9972781438998,1439.6426800412064,1726.2974938753857,8311.523997109602,2300.8404390645455,4068.5835929099035,2224.152958861884,1777.6360635755016,362.99297271724276,0.0,1.4323398457859267,223.36872791439805,3712.5940365291835,79.142661869409,0.7511791683598347,0.0,0.0,7.272790130135097,550444.1288288828
2469.0160886296885,11246.158685243696,2886.708970351767,2125.6792009905575,1825.3944706089403,1630.4238764151532,4415.205861853324,1477.7831530018943,0.0,433.20519973690864,5879.877415064566,432.2969173664721,2086.249907270325,1440.3691750997375,2556.1957508944315,1507.2023326295332,1748.760694142573,8857.551913708427,2916.3200079673693,4818.221978601716,0.0,2499.5377579103674,365.4593201772264,0.0,0.0,224.3233176501668,4010.030206031323,77.40225317409086,0.753228677377348,0.0,0.0,8.373622742142853,544889.1910373198
2143.525667077706,10229.793954753715,2962.8645952479274,1697.191322983078,0.0,1461.041230409239,4655.715307455603,1405.2144762709936,1260.9022712717274,574.5166788803139,4848.27246612624,322.41784439203025,478.66443225426497,1379.5665704885234,2566.723181730525,1667.5375017397878,1870.2189110171719,9111.836577328751,3086.6620740647318,4059.745654729293,3458.788389412498,1510.820559649429,360.0368508961423,0.0,0.0,226.784545275957,4275.212904140779,76.32476588400462,0.7415724606359612,0.0,0.0,6.760860922818271,548785.5991404078
2294.168099512539,11311.257167149633,2749.1794057990724,2386.812168012565,0.0,1509.412193775146,4660.616689833975,1336.1424440601988,1381.4967459162044,533.3327110506191,5375.073261085722,296.3861778340747,2649.747506457316,1310.3899081269585,2802.084920447919,1396.2153171374787,1695.8619012525548,8461.01613502113,2637.6130152968726,4384.284475784398,2025.9862518320413,2041.5109713699558,360.9509779788831,0.0,0.0,226.64492759078576,3412.4114493292154,72.23615514341371,0.709835080451608,0.0,0.9638299286099883,5.666515860294725,542253.4626871671
2346.882240922347,11771.5189809404,2878.674087884677,2801.0066901183895,1983.6928080553155,1627.9959308370346,4357.120581503907,1328.6093828746355,0.0,487.3500059997335,6207.66582405106,470.717609157851,1323.0396095165647,1802.790541678261,2226.1095158694106,1319.3692458661053,2101.5672981905045,7913.592889740382,2424.53275078569,3624.2097220799724,2454.3131865724276,0.0,368.37352755914077,0.0,0.0,226.24557810037373,5023.066051658742,71.53229187587412,0.6908135698364026,0.0,0.0,7.683040390464381,544676.9424624367
2432.3526688442494,12737.275206242392,2614.0917148644053,2336.315341037018,1949.001918119245,1672.6103803533115,3676.974618827702,1351.393849877153,0.0,496.39075971334125,4559.105962864915,503.4616509758187,2069.049406463109,1645.3311366729495,2305.416356619561,1862.2904725536741,1772.6922372642694,7465.671873571384,2542.5708022376703,4480.68889589793,2631.9092926870394,2374.15685710533,360.6564394170692,0.0,0.0,230.76880801450847,3083.4127253434535,71.062120703933,0.6882905946160759,0.0,2.08335102074295,4.962940795180924,546126.7067652879
2370.3404751640646,13203.701742368206,2727.7810270448945,2170.8126164147366,0.0,1546.519971081912,4049.7865896747558,1277.1124845888662,1821.9317069186377,511.3696352976625,4705.711889532209,0.0,2176.4009941887252,1727.038528997304,2605.343806280021,1435.809114216279,1600.1928575339223,7866.860589097543,2530.5252717499407,4474.308479115225,3270.7067078919054,2084.75554770244,356.06398222593117,0.0,0.0,230.59946519988466,3253.7431378115093,74.17152793892463,0.6847982225831439,0.0,1.6448452261794557,6.385484050491581,544140.4331510296
2076.9899123323917,11593.518879079626,2966.1404132267658,2964.826013409845,0.0,1492.3801807661052,4950.26778754127,1454.7215351022649,1942.1186595386025,571.2207465122291,5238.219651419154,346.91583811450886,1246.8405539830042,1381.0043798851332,1798.367684123844,1580.3765810281518,2216.2405700448235,6298.857061987187,2544.0954710600076,3714.691916370226,0.0,2188.0167784520063,356.3848231548759,0.0,0.0,231.84521992942118,5560.690092655377,66.00312438416121,0.6863117893828816,0.0,0.2114118288226705,6.500542182545331,540041.9208145138
2084.28274667668,11318.839176183883,3003.570308098201,2511.3637370992187,1879.4186580822247,1680.5853898083153,3892.13073914376,1337.7562528142007,530.5477831249781,507.6001440961784,4302.004551907864,419.43104427808544,2540.1366981375672,0.0,2968.589018452605,1528.73008044527,1809.1383920719577,7595.77047579875,2827.9314941181738,3317.969087666745,1953.8947790175168,2389.682874765263,348.399510144727,0.0,0.0,232.38961866050323,2959.679564586203,76.80872239026496,0.7021368650038307,0.0,2.2987166090141016,7.325824324984906,548740.8019737697
2046.2319119481517,10608.842506508227,3173.041890780261,2353.9639004622613,1791.3098817545063,1819.8983582241146,3358.3762691129486,1555.198900958789,1173.440864108857,490.22620275485167,5911.202446244897,356.35256199060757,2420.519649550645,0.0,2044.2169702574492,1283.9019183721923,1819.6837234479246,7044.206675629734,2684.479396165334,4024.1313279547167,2184.9578183324725,1536.0987471367803,354.23652525381607,1.686201839209211,0.0,230.7792697334666,3915.937008671308,70.59762414474541,0.7056273743995531,0.0,1.9555466137944957,7.967022294607027,548103.7878373531
1888.9215699299643,10507.439075625743,2487.437570806784,1657.8452289077027,1804.7025932435947,1624.4731367780473,4073.082133432971,1413.1741134314223,1030.2054411233587,478.1643633459666,6765.864723522953,476.80726465976954,2112.2164351265856,1707.636132886556,2617.703700001851,2002.2439801498108,2211.6974887352344,7013.200095542742,3275.9234396056204,4243.697917640836,0.0,2242.3101869605593,363.6302315699456,0.9388854157291091,0.0,235.63670266399765,5164.102477052276,72.5583163032735,0.7409273057966457,0.0,0.7204246306066512,6.627717326278721,546813.3960675143
2408.5719956824587,10455.313553642178,3246.9017310495747,2579.9142382850555,1770.5627279640562,1931.0202306116505,4082.2145674975313,1370.3074111295275,1607.5287780769831,505.3696633104112,6594.99513632861,426.6184670976188,1684.8996758136288,1555.317451197935,3143.619961121902,1630.48026593128,2268.6631090101505,7932.02635601459,2893.1582134851537,4698.9175470333375,2902.9294978584767,2931.9832059468763,367.3060452413358,0.0,0.0,235.89142142158497,4543.4529600289125,77.22235773733158,0.7427429555319951,0.0,0.0,7.7268258370974765,552350.8717238524
2551.5663097754364,11380.254180738195,3287.062847919057,2434.6340179817744,0.0,1822.0382442160865,4171.951785722082,1230.7369377519958,847.1116428322154,551.712697822675,5815.8105370076555,468.0442717207451,2442.6310729367,1493.5738211313435,3081.648756890786,2066.3904874703944,2442.786702418216,7878.765539782555,3188.6128686332904,4464.735757258172,2854.8022529391505,1789.2514985206735,362.0626173503591,0.0,0.0,239.61394179011634,5033.578630267618,74.70488629190693,0.7737865295316192,0.0,0.0,8.941237155823261,551761.5323819444
2226.396915321782,12108.386411443647,2873.26115774788,2373.0472640054413,2223.487454522287,1779.234278455309,3988.3566066408507,950.2906886680269,0.0,532.0905789850262,5718.8498796929625,356.19996547062453,3130.1882342661265,1218.6966268977822,3381.744309811035,1739.8851870528242,2355.420452883789,8676.605670393168,3890.793500884937,4952.998218723704,3238.9865198352973,0.0,355.77507122463754,0.0,0.0,239.37517063320686,4460.900207639247,79.07943448709526,0.8234288162588713,0.0,0.0,8.1750735748114,548469.5366156278
2444.746075346717,12476.62911748338,3697.1195311174,3689.903348412685,2189.9288831762046,1834.9008159450616,4743.4124962845835,1106.8603449942325,1184.736466973397,535.2363237402811,7626.971676759871,325.82650211806316,2811.8566928005366,1366.5033249713467,2543.075550069559,1762.3599679430145,2392.434201300678,8114.938760038996,2605.796278158323,4395.95846241403,0.0,2215.4543116419727,364.3264476519545,0.0,0.0,239.2425085069838,4858.295051161403,74.83887348341293,0.8001419325891155,0.0,0.0,9.403305417051335,551203.0613445886
2482.592607986723,11212.495554060879,3272.3140237146868,2774.6094988971954,0.0,1576.7580850189672,4819.618770863233,1061.5587289899458,1737.4714120121116,554.8079025804464,8270.712753272668,0.0,2650.636770189623,1312.17866708185,3448.262989259273,1938.1859997853508,2639.36273905682,8822.893174167952,3252.950329809577,5722.963476491386,2610.675309565286,2333.883132350738,373.3291908911058,0.0,0.0,240.439453505321,5647.575314687654,80.53451497335662,0.8528619498678929,0.0,1.0612441305739844,11.846825084987573,549482.9739305037
2072.3032423062764,11091.551695838545,3997.972548687983,2364.323493444317,1934.1841338062734,1793.4556776861657,4643.953231205499,1349.5028858305757,1340.9211505992319,498.0373185615372,8913.635687205122,0.0,2209.3250542864366,1705.4777521985254,2755.809546578929,2127.9519712520014,2566.7371894651583,9151.325339714276,2951.8680506869546,4818.670715455923,3201.9120940699186,1556.1753094226765,382.62142994200127,0.0,0.0,242.66757857975404,4985.533995215144,80.64524623768303,0.871453336417395,0.0,1.4676403328481875,10.41480943488957,548631.073243115
1969.1965004100261,11078.962555765109,3469.920092846134,3327.021026241547,2110.0674166122517,1705.2822966045562,3956.453374851007,1351.9595296006623,1657.3294102724071,479.7299949399362,8316.452675095536,414.4857014385263,2808.930312824771,1432.1536496199215,3597.208873221863,2086.946099797405,2806.003000902214,10199.651884240444,3971.495293412821,5469.741595864437,2136.2745905023703,1053.0884684131413,382.4460451754854,0.0,0.0,243.68583269466532,6002.048124903884,85.17520699871798,0.9419167565654546,0.0,1.8190148534068764,12.986052613932385,559273.0211633083
2271.407787017787,11053.735231926645,3587.367347983455,3295.543485441298,1842.8617412054712,1788.294961133844,4650.334698139811,1426.2560247727226,0.0,629.5250471825966,7694.862741016652,386.6851879915528,2608.9497958797074,0.0,3137.544247526157,2107.891218888859,2692.406222089272,8939.027451068196,4216.0584824890775,5804.5508190237615,1787.000711348433,1649.4227914151156,375.5085660000993,0.0,0.0,244.37207435073572,5236.800989503637,77.22906546669664,0.9839552660273994,0.0,1.4320388526774075,14.415175926727624,558556.9159872798
2045.8716208169287,11295.625570991753,3939.847405694174,3063.326686624609,1946.6767105614763,1921.2862493395219,4023.873897401618,1477.3159560015981,0.0,636.9796197576045,9259.07270502248,398.43906066771206,2803.0109785939126,1528.516621526761,4272.345447765477,2428.2987274744014,2356.8189123603997,7903.631955934653,4236.183424664118,6287.321952143774,2731.3812666213958,1857.6857276100586,381.00715841302446,0.0,0.0,247.327323147998,4551.197047987657,77.47915797339537,1.01807118468204,0.0,0.4821517236845073,14.155845729103874,557440.2456656653
2294.3917949945344,11759.761279766439,3971.777599968454,3748.5220462802354,1804.5063790943852,1742.8386089797298,4373.353804549115,1651.236258065108,1467.7445711564467,500.4669029836773,8862.139445973366,400.1777902838796,3007.1054329977146,1111.0698698691801,3759.045438343169,1644.770442365555,2055.6039154002524,8495.113801693975,3177.396467110633,6067.0393603477005,3623.341625102752,0.0,380.01825356176045,0.0,0.0,242.6844795487589,4458.3461757483965,84.25698663190883,1.0112301469362908,0.0,0.3166725564192264,16.02269187777809,561308.3624678929
2711.5253330871037,13030.658086767227,3996.1766236980507,3032.0549330926046,0.0,1710.3231938247682,4792.894026617409,1539.180687676396,822.3789773246514,645.3901612459566,8590.145768883474,447.25461562587634,2819.240630283797,0.0,3083.506597559057,1731.1857077561888,1578.8130822154899,8502.064005039654,4658.615963640207,4876.185345855934,1933.9788713506932,2136.6929267440455,375.6267195503154,0.0,0.0,239.99255075990206,3739.6291387924703,83.35948276936303,1.1008106287626203,0.0,0.6562702695465772,16.880007597271725,559643.4737152351
2479.3850036412673,13873.528160425585,3768.0951408903466,3616.658614440368,0.0,1881.0806104498204,3891.8358488235835,1771.3565038358438,1057.3244100998631,608.0727580557007,10713.273832263083,405.4085346024394,3432.0156554132127,1254.4189660320724,3688.6776842149866,2531.1032651525366,2139.6073564830176,7973.700851059917,4050.1606576546988,5766.652279019447,2220.2526879891398,2388.0655879192072,387.7592526954387,0.0,0.0,244.63885664309754,6643.726912145143,81.87166497955525,1.1099636732913223,0.0,0.0,17.72074184063516,559640.802787471
2812.892111419802,12238.499363231951,3984.4522632504522,3739.345001361897,1036.9550676190916,1948.4028888676944,4076.6434586858704,1523.7479422882855,621.9979072025358,779.7896186817807,9057.805838445449,0.0,1324.5927825261292,1859.6597486507703,3627.777432791737,1863.511908123633,1513.3645601207422,7011.692181087205,3985.9238802360783,5965.1993451893795,0.0,1938.901822801558,382.16105073021726,0.0,0.0,242.22573239017407,3563.2508175314124,80.0790283216645,1.1385598141037037,1.1301828388593604,0.0,18.880675275747855,557625.0826699677
2754.58612447259,13337.49089877102,4623.079795242702,4539.592227560173,1453.5711081605552,1990.8448541513246,4312.959549811169,1182.6480439683532,1525.1040639964124,610.8249370489493,10964.196606067388,0.0,2639.4722930163157,1389.2369425497793,4051.614752168757,1980.8749562017908,1602.4069362012046,7152.757589174602,4892.571897562928,4508.887201191785,0.0,1433.0741616785415,392.22651064554543,0.0,0.0,241.45116636945028,5307.741780179846,84.48252091591522,1.2024034130084371,1.3519165667945312,0.0,20.791554174206166,554656.8066843639
2624.119185982742,13344.796136607883,4361.232570683479,3887.7287408083134,1868.2437796933111,1991.020307311182,4220.358685805906,1277.0528439898246,0.0,600.4630973670446,9843.52757792595,0.0,2067.415393983958,0.0,3530.930450345752,2004.6829800678775,1831.7661747569557,8382.802560201686,4529.504355338522,5512.629623368326,0.0,1685.7209205767617,389.8776454531188,0.0,0.0,241.0881016172764,5917.617375043392,90.22678267174194,1.2157138549479416,0.0,0.0,20.834442602268055,546010.8255927726
2308.291890373669,11889.12547489331,4279.255992486259,3885.240915604111,1754.3948079052207,1500.717382260243,4133.90383782146,1204.926350580745,610.3878183525406,606.4923295673235,10907.299224802922,0.0,3145.412202066821,0.0,3560.3111877178603,2517.444981327056,1914.1040000723074,7386.663260415976,3988.22876959835,4953.057778988867,0.0,0.0,396.19266246236964,0.0,0.0,245.13646382299126,5751.33405261153,82.61076478077482,1.2196792942805894,0.0,0.0,21.461900800840922,541933.315014716
1916.546501992496,11792.757579185789,4182.440740301897,3729.4233866043032,2184.656183941459,1512.80534983496,3920.9896304959793,993.9717252604246,1191.7447891069608,649.2982960995303,11154.38279493116,381.9950644340282,2084.4196480705264,1084.5673320165124,3503.8841300182735,2360.752024450302,2027.6156197496268,7832.398328593354,4347.13291481028,5180.406041386072,0.0,2452.7201908914503,402.4937686407717,0.0,0.0015313616180486767,246.74671088476333,5993.0912510828175,88.24108861086356,1.2550251053582524,0.0,0.0,22.93410577750433,559447.9696980922
2246.8596126778966,12314.010327641323,4010.992565214694,4005.8810069280994,1852.5923741619397,1471.0774643960253,3418.325893131864,1032.9342465866555,0.0,602.8161740744373,11221.19310678171,389.93619438392693,2628.1964043676635,1044.2792704784579,4167.140595514274,2324.7808688632604,2583.929000421525,7513.896820991548,3672.840611461652,5776.529228409522,3477.176413125436,2269.2479601449077,407.68790973439866,0.0,3.153563846684802,247.71212446024737,7538.370406610392,85.89264710341325,1.2477849740811315,0.0,0.0,22.56900097698466,568302.7135073865
2513.075857928613,13128.641917145667,4143.516075946127,4156.632216662202,1888.720895224957,1806.6518932079434,3358.532745116914,1256.1679342028428,0.0,667.7722675339688,10446.94532474164,351.325664746034,2643.06207476504,0.0,3882.4006779162887,2612.192823819508,2489.422491542421,6728.806489464187,4015.220200974638,5994.890418562961,2054.4448599028833,1605.687404237816,405.8524699283389,0.0,2.2625225123859583,250.97919215252278,6068.288126004395,83.74473895916287,1.2757819571870408,0.0,0.0,24.31140485774799,568420.5634229672
2441.395173721925,12973.23193858101,4059.6327052834185,4092.3779017302254,0.0,1705.529852087268,3664.785873181042,1005.1947250315777,1117.2200325969975,622.50288404377,11220.543726759268,411.94518275116377,2221.7761670065643,0.0,3583.689298074532,2651.1926405095073,2468.475966959582,7233.121854674736,3575.843203426014,4557.034674798065,2638.9684004782234,2299.9680296558354,411.50525908736597,0.0,1.3933847444592866,253.84699849511946,6238.136440504319,88.67022956114762,1.2702879194553671,0.0,0.0,24.591718575610717,572327.960888947
2079.3405760022492,13850.676972940255,4388.83269059771,4096.938772905727,1239.9854673290442,1607.1899715197303,3765.2256242751373,1398.9823747051987,2022.0767517552922,658.8065477179069,9547.48782317674,438.3045061350941,2170.2418491219205,1270.0251923985413,3648.489338583748,2622.5023929533004,2208.6178037319023,7051.054537795025,4357.508943951512,5436.24951885529,2436.4943320179314,1417.8967245621097,403.5974531525978,0.0,0.0,255.9315592058086,5486.365270753727,86.42078089240364,1.3074371322499068,0.0,0.0,21.751032503120285,577783.4300818072
2179.4188905843043,14348.649535342058,4586.394295460139,3319.957572641826,1811.001377604735,1504.44357669896,4951.848065726503,1485.315477523419,1614.5632931130708,659.5545948186467,9213.547315162765,0.0,1922.3408523811956,1734.9526850630537,2694.048704064381,2996.8362767194512,1823.212606793073,6059.3642738719955,4177.964203315156,5547.860532778185,0.0,0.0,397.00035952388424,0.0,1.7992814652946283,260.8902931516023,4850.41499252059,82.5927101019372,1.3040361334047164,0.0,0.0,23.566723788435624,569482.1915207999
2147.837024903976,13772.164866824041,3911.9663132287487,3869.3011537531565,1663.11507119833,2078.6950110463913,3943.2497962670195,1411.4036996036484,1961.0354195571379,687.083186468955,9740.32902403221,0.0,3093.9185475434265,1052.5303934215713,3046.472100262244,2999.8806802773884,1714.1754353805734,6198.4755271595795,3627.7311697071427,4774.018678624294,0.0,1760.4921948054669,398.3074738958539,0.0,0.0,264.8241029758841,5337.816045813628,86.18978770286982,1.2822943207857809,0.0,0.0,24.732039815102148,566231.1419761933
2562.435805096635,13439.069619016012,4747.432212145834,3827.3368499126705,0.0,1939.9796051596127,4906.681350334537,1596.7068574679581,1774.7951850131083,716.2438927960653,10586.055749960826,425.081584023125,1678.0769636830569,1289.00372201291,3180.0595562653302,2403.2882696214524,1639.020107609344,6400.279419624085,3910.447918889071,5091.4357122633855,0.0,1787.8396289335365,407.9114093067053,0.0,0.0,263.10043047680426,5312.197000323348,86.43268365645712,1.2882660074469885,0.0,0.0,24.160066756010142,572910.6602349194
2264.841889871899,12486.408462346573,4069.9562195169656,3722.8184811565925,0.0,1983.2945030928176,5215.486283847813,1746.9201783585356,1693.5650636457367,724.5307294402221,10228.812848674974,420.47126012330017,836.3366302793337,1653.8694487923963,3458.583183496204,2594.924833167131,1932.672105461136,7539.386501809471,3726.6211173822753,4379.680548539064,2127.6149287375656,1835.6255432879075,414.1755774377322,0.0,0.0,264.03921967556306,6350.9810623588155,90.53430178138392,1.272516180481362,0.0,0.0,22.279978576044623,575713.391686897
2489.253228779245,13075.439191817664,4021.537282595695,3611.164915018431,929.3057467114276,2174.802514227926,5649.5237510940215,1325.6070901138226,0.0,708.5412334681994,9908.349027651757,444.4706438336328,2962.05001736589,1775.3580372499696,3251.4440027386804,2768.224098558611,1875.8351965949016,7866.151043183128,4043.9047948056927,4899.060778082035,2684.229282774507,1821.1051787493036,418.6148137400942,0.0,0.0,266.7394484384877,5474.263371622018,88.00179108996905,1.272034529575182,0.0,0.0,22.29796067668355,579927.5400115022
2396.79928515791,13018.072523971838,4074.784851387735,4344.903708752379,1932.6948027500105,1535.7842541127964,4760.74040871448,1500.3233381147677,0.0,559.4060351537687,9674.246403253937,379.23549427407374,1556.9841916230541,0.0,3501.004784939226,2547.621460726704,2076.136623885615,8865.805469044952,3875.6074260703163,5855.057073133813,2076.192662327092,2277.5698481749428,422.6485069594938,0.0,0.0,267.4363671123643,6155.079835037926,90.88544897387054,1.2494148345282006,0.0,0.0,23.185924416436656,582740.3974528231
2313.5781938908854,13656.955598800985,3426.5607895412722,4139.559566161524,1708.4489493385572,1823.1937900623727,4116.950260923688,1246.3813928652487,0.0,739.6152839753207,8509.413796215382,314.55415772353433,1731.4956066225238,1282.097205381981,2989.1652027312884,2212.163634643029,2067.9098781138387,9347.219704725843,3274.725124107535,4915.549554082514,1476.7717405075996,0.0,419.2929918519355,0.0,0.0,265.8150420395724,5609.962468237337,89.278036495026,1.2069107363273368,0.0,1.13206905417757,21.672722944285503,576011.2457359302
2265.6241943805303,13235.384756371257,3865.861450072355,3016.318698426204,1416.452701918242,1695.200520149225,4859.807815130529,1446.2280329006155,0.0,656.3981327312441,9236.80468420999,396.04903336450275,2208.7498592064885,1849.6155150427878,2910.336765205281,2239.39109545456,2189.090888888197,8994.276460367353,2954.390869251851,5395.910021293241,3158.9563433192957,2000.878522314174,425.6804101319097,0.0,0.0,265.62892874061185,5914.701788358118,85.48908791636002,1.171973260473093,0.0,0.6058030006252664,21.00874049499447,580182.7975860711
2207.6124018630608,12985.091641460764,3506.7412221938444,3171.008536373578,1925.6987964369557,1739.8596360292015,5605.887629264975,1343.8013662910857,1632.0111511538698,673.2832146434663,7857.939731858529,0.0,1453.6117797121872,0.0,2896.395778962235,1953.9212808230911,1815.832109876839,8798.164234504848,4054.042187683516,4930.9386663552095,2913.8811133283684,826.7253593594326,422.52960726289416,2.043229462167287,0.0,263.8711475238334,4381.7895505635215,84.91736293423153,1.188338805125351,0.0,0.706495098804442,19.03711828202298,583769.3035474776
2658.186462314553,12294.937367742858,4168.527850898612,3537.30452637545,2024.4313539191344,1691.336508886714,5710.841714865634,1727.7746672691833,1652.9574048876882,672.2392760763206,7306.433598365324,0.0,2008.1257650117675,1432.2714431165564,3268.3291311484304,2086.0369246670157,2070.762364240512,6965.689646056931,3872.657403307976,5755.283330079024,2447.0113168653697,1457.1415110120056,419.2257030237727,0.2995810133908694,0.0,264.5160343573682,5885.494347503385,76.52051173865246,1.1534809917204085,0.0,0.3067986463554845,18.662837790384817,585235.344392061
2374.346231186885,13019.151555192317,3431.9901640425956,2451.279584614005,1755.1331773056995,1678.7912069161505,4948.630999875411,1818.5915062819363,1794.8179405335195,657.1974684679041,8000.458623660575,0.0,1477.877439500909,1714.3585925790994,2838.1229918014487,2073.2758941904576,1827.5269698417067,6804.5637746027605,2410.062413437905,4859.303803922557,2816.9855375829875,1569.5870410020739,425.56744839580165,0.8665072572297886,0.0,265.6515698051072,4451.711000973755,80.59032634645814,1.0677979499912875,0.0,3.2099498188617734,17.29587798907813,580506.3727079771
2558.124990912221,12205.799172007404,3298.161959486803,3061.993423068169,0.0,2091.7071140104376,4903.690678378404,1844.170351140054,1922.5833461768982,617.5046785995575,6961.2754931328345,0.0,2007.9596321565741,1698.1872414125337,2106.1228848210576,2066.023591219213,1967.484619527962,6068.655044914638,2944.485541987718,4515.7478230776505,0.0,2281.9309590922385,425.10444371085197,0.6022644698213118,0.0,267.1854487919133,5300.185010437567,76.86613280172115,1.056608545550152,1.6946125226820985,0.0,18.463206210832716,574305.3465969843
2662.1139621179163,11400.130269482046,3232.047091092545,2994.766269659665,0.0,2277.2762936537474,4941.553491246892,1936.1253815733699,2692.725943695459,619.653466704687,6239.697680300608,0.0,1053.10592264197,1090.5925016967803,2005.1678070715534,1913.5205355455146,2387.9043852146347,6297.1825076705645,3771.539195374951,3561.9626333416554,2626.445284043015,1456.0914065552156,422.3054969599171,2.129094898293887,0.0,267.7894955068585,6183.580611370193,79.19023377446976,1.0554406339865534,1.4458838363030673,1.1427065542028938,17.200511636423638,573152.9776912162
2327.2970210811504,12153.289662004638,3341.7660757321864,3054.6300613583307,1239.8557249994844,2323.1656234626444,5287.107500250401,1572.521212444549,1676.8764740326674,656.2972882119627,6729.255817170953,381.53813232807505,2258.684674912289,1922.0896358177215,3044.677444247821,1514.6435306759522,2255.88718437731,5785.738227258035,2121.2421593487197,4193.903139861033,2165.7446149761754,0.0,427.2423700395,0.4012925203622867,0.0,265.684034974047,4725.530217830247,75.21254652730374,0.9592443406306843,0.9135275222871821,0.0,15.317628875210396,585125.5878636753
2251.489601022697,12031.108565151351,3127.5043005385096,3364.0196492294185,2098.9421509805993,1904.602813076877,4211.891444546711,1574.9187047432351,1197.014431668631,560.5535716127872,6920.671838225627,437.37367680655643,1378.2908538074616,1363.57650904795,2224.3450060128475,1405.0971294315102,2503.2469347676124,6282.274417656995,3052.2724871492424,4148.179037343533,1589.7772402657563,0.0,435.13826785368076,0.0,0.0,264.08032048995005,5661.659939606032,78.01827702348918,0.9612138884996785,0.8398941138665557,0.0,15.529220304539844,583590.2507550959
2467.233544315574,11801.336597834477,2899.7107805499304,2643.5863108373255,2069.603204847075,1922.6738816269124,4269.479424104253,1361.9144433841439,0.0,630.5185847066723,6086.675307554929,0.0,1197.5274256542561,1986.706874092891,1985.8755245721047,2009.6797141392924,2427.419372433007,7073.020077153647,3022.974130467029,3326.6283173724432,2533.6131936004617,1864.869829561762,436.9336766295301,0.0,0.0,268.7592208001756,4759.851899976343,79.01094329094657,0.9269141937404317,0.0,0.0,12.977979119401606,584424.4319768305
2575.497065263576,12202.232716770552,3179.173802038855,2568.5873682633455,1958.0777980103503,1758.7865452982144,5244.679889868363,1311.5157549114747,1732.6851490697,585.3564428331941,5401.537362885255,334.23709170437127,1997.3588630861113,0.0,2261.290947367036,1510.259609122632,2387.4351482255665,8259.508581759585,3277.711512752166,3280.553041228376,1994.4240694449948,1509.9707828237836,435.4293014646935,0.0,0.0,268.60953670185336,4680.646946197402,80.8761115604156,0.9042302040790466,0.0,0.0,10.384150888907156,589778.4966049395
2627.857520528792,11490.923418427767,3225.29797681156,2590.4586457936753,1734.2194929831157,1602.0431778753543,4440.206178172117,1734.4122032867776,1176.1469504563054,503.3687183224855,5769.595894622569,424.80835078951765,696.8892666975987,0.0,2327.193067407182,1576.3809691692754,2608.4383104068384,8580.071769901713,2524.125058010139,4286.2130131094855,3205.726010263611,2066.2345076265565,439.6219336394557,0.0,0.0,269.75996891540774,5343.898982898263,77.70375258660701,0.844398244441377,0.0,0.0,9.985069747152522,589784.525108498
2654.6091890719044,10727.43879402687,2997.7619965708054,2479.4334009029435,2447.912899665821,1767.1989013227465,5261.55744060784,1640.943513830023,1800.2524260307384,542.4769772200776,6429.892893193737,387.864806409965,662.1400094131519,0.0,2332.423906900166,1771.3472939493654,2619.784273416979,7655.674318192004,3594.4813109154597,4829.3982781487575,3306.1794336169746,1805.2463819806917,449.8387047230968,0.0,1.4910097943336689,272.8556165253689,4787.9229270332235,71.74710958745347,0.8557649423891349,0.0,0.0,9.90743864704209,594414.3465174823
2941.729008333675,10363.383679516306,3033.3834800931168,2255.6863190634285,0.0,1972.891666963955,5307.698206705273,1689.4275377050253,1611.1226939698602,591.816879878442,4875.418090611024,401.92272439032973,2311.0186006966387,0.0,2518.9405453883073,1373.4958248321047,2799.5830718623015,8113.340755049334,2478.0037699543764,4228.333791939466,2107.703926919363,2163.660693557084,446.70052670459256,0.0,0.8080678188933266,272.32889730979576,5225.33016036454,75.87292808144448,0.7859647316336411,0.0,0.0,8.133680169794825,589904.8757815261
2744.0999600470486,10390.191560613226,3137.8989864667587,2371.9052279545294,1641.4779975764677,1857.8208182262401,5527.534257671112,1989.5305149479916,0.0,630.0662973198146,5562.751723064035,410.7750716502354,1671.9168343387546,0.0,2588.355254530957,1437.0328744357491,3049.718966024262,8432.961423443487,2069.0795791709706,3865.458807336437,0.0,2246.096076071887,451.4409036905695,0.0,1.1224991638901285,273.06289640694706,5523.7549580342875,75.16309324863114,0.7456548908623042,0.0,0.0,7.879990558723314,585485.225513069
2777.114873224101,10568.723344932228,3164.0680669083863,1943.7226175667097,1882.3051712935858,1914.7884596710114,5155.127770075252,1951.0433959798474,0.0,555.5621969777378,4729.859031999795,0.0,2238.9399622032734,0.0,2906.8134506297342,1374.7110428155786,2868.235289861307,7340.692261590563,2890.758558386242,4648.253564634534,2506.608328919088,0.0,449.5183827468865,0.0,0.0,273.5780880051047,4330.432030925409,68.69507486265127,0.7551193112092816,0.0,0.0,7.208732743492013,581323.5437006105
2432.384353358066,11231.998445934343,2942.1830357914923,1675.672789243194,1872.4544441414582,1883.5023739909432,5044.210838710307,1742.804912172851,0.0,443.7429967341602,4974.788739286666,0.0,1805.457820270839,2087.47874935008,2392.5020073499245,1198.9278796078656,2495.1567789128467,6548.240247424845,2843.3760384521647,3729.3379143188586,2857.7307357398495,1045.3386424459277,451.04155421729706,0.0,0.4074129254406027,272.93892001925343,3494.5317603239655,68.04803291261655,0.7346870358337227,0.0,0.0,6.982809686230941,573721.4992686214
2558.835360681683,11881.869759383291,2586.284029672846,2647.5618566801845,1743.8081758951296,1914.8757067182307,4197.572899688437,1756.5766040927406,0.0,483.7644589762093,5598.294701908067,390.8767391546289,2356.936709540901,1416.9447548397666,1978.5014087357438,1903.2418898046903,2371.316275496513,7463.632932283505,2973.5783002672715,4579.470230450384,2136.005871008417,2216.801397311876,457.61842335671895,0.0,1.4457337210586305,278.76776971316934,3869.4919160248423,74.16167100103235,0.7245000771621479,0.0,0.0,6.9743557262951485,580242.597771869
2939.479226058169,11707.821222278762,3076.4001517533625,3018.1260003113457,2031.6550467812972,1765.2559717869385,5112.581774250284,1766.8359345072784,2156.9066961934473,493.72478179269683,4990.794201447282,442.61191607272474,1775.1296843795838,1738.7624051934981,2588.0771809571474,1524.579783291411,2441.451334317204,8426.487825350592,3079.7284710034774,3585.979433955672,2143.15120867501,0.0,457.7991566608955,0.0,1.2782204477684034,280.0398076684501,4318.998252520775,75.28160314010124,0.7170964011207308,0.0,0.0,5.772156378038909,589736.8001397599
3032.1624121472364,12187.551905372851,3207.9405909649295,2444.1017004816326,1722.3298002276938,1789.427786981615,4311.2210371283545,1416.1396420880228,1708.5041358852764,470.29587269477634,5526.038205430469,300.2471720533858,1562.6956876781487,1751.9449913175163,2691.1082174606963,1486.4835318302776,2130.08806794897,8800.438220037317,2907.7458272073654,4256.660903107576,1758.60836393247,0.0,462.11781150084875,0.0,0.09457686819459632,280.8998171441842,3166.0875237878477,73.74921569676026,0.7029625330246904,0.0,0.0,5.847491124405979,586120.3656781123
3127.751368219759,11682.164474328327,2767.014395429451,1618.5049757393708,2218.0939585117935,2049.1572594554123,4145.362615194045,1680.7218203983732,1731.1167904035524,539.6070053794532,5380.968967663778,0.0,2259.433861725104,1369.2411852234814,2685.269876648276,1618.3036847372555,2095.882394413753,8016.396466791022,1525.9846060847096,4360.193004452855,2471.2969796227653,0.0,463.71412627373707,0.0,0.0,282.8272551932501,3728.2106409455228,69.0174540686158,0.6467170159494448,0.0,0.0,5.583254882572325,581496.0207557181
3440.407244841801,12930.710940758945,2502.0073662400855,2534.8649408553424,2253.7629658987985,1714.4763290062506,3844.9908025010923,1835.544925096583,0.0,472.33073311395043,5596.186909734012,295.8833199721216,957.3560299725907,1649.4315060515778,2295.955141359602,1383.9757511342561,2385.5677303672005,8583.286427551857,3875.0722187156557,4450.8221171375235,0.0,2429.763621401302,465.9285473828328,0.0,0.0,282.39159591325466,4710.693360040077,74.00833508248412,0.7366264665961038,0.20380863403478233,0.0,7.008965759885882,585808.7027968639
2759.649760624565,11919.551931478682,3223.0145696112495,1670.1176460719626,0.0,1778.8027945754704,3778.7590139221193,2167.5015896953373,1474.8817336504023,539.9837343766402,6129.82869654493,453.72185793578257,2357.1771376161505,1558.4613210020038,3039.5892946359154,1387.489952464826,2032.8332981849962,9991.487557567558,3230.9193100721077,4426.060842549159,0.0,1509.174447943627,470.7894832004392,0.0,0.0,282.2266366667837,2991.4690565422316,78.6504088715001,0.7165290114885767,0.9557381417125358,0.0,5.356563238374003,582124.2807710627
2796.8244702182483,11197.754031330833,2877.18586040586,2300.417095041062,1113.5452165706374,1821.3301364655454,4301.316140687903,2055.24869832863,1301.111655067396,618.83625671967,6962.938114477754,426.88661185839476,1043.0456386688381,1325.8020611759125,2680.2171995736103,1739.237982814108,2632.8033532996346,8926.93046283871,3268.9103299330327,4791.257674137137,0.0,2157.3415994733496,479.5898434024118,0.0,0.0,285.09870772337786,5668.781695403635,69.79737099360418,0.7263749683297468,0.0,0.0,6.679429576416277,583874.7106955725
3040.951936276703,11142.661553564763,3759.0946432766555,2602.9818795462916,2081.6518562991855,1719.7634289640391,4784.567444830312,1904.1735575659372,879.3734188919786,490.06004437478015,5338.573076810217,299.46816509946774,2177.5913587474984,0.0,2966.566274390926,1456.3322498678792,2659.902251894469,8862.052465424451,3386.0235967141684,4889.308784787155,2490.335183232891,1736.5135004740935,471.7208341179322,0.0,0.0,284.75703964826624,4485.345552514551,73.18849410077543,0.7430704467450336,0.0,0.0,7.726058344713914,589844.8845717151
3195.097728560754,10074.963483602814,3703.4623089718825,2487.081719226453,1609.2613920337205,1506.946750053131,4975.493682975585,1776.321070216491,0.0,441.5515256321043,5925.507607573254,364.96646944775694,1121.718628317978,0.0,3335.191628550346,1409.1922025814447,2076.7875014888127,7301.990249247625,2292.167938354318,5061.532951147721,2112.0218313903515,0.0,469.2591774096717,0.0,1.8363243612552407,284.0838554242969,2660.9388022548565,66.92657239319622,0.7172919343164679,0.0,0.0,8.3171704321657,587381.5172064911
3153.840390735273,10605.972417270816,3043.658140029315,2806.275850351471,1416.501126388969,1768.94946817781,5128.138251970186,1645.6496506690485,1393.2393247183606,434.7145097837588,7007.244247934831,420.9873079502559,2427.1648541427844,0.0,2912.9283073062543,1880.9314308540004,2309.084608132182,7696.095036324017,3232.1124713369163,3700.008539110244,3019.0550811327294,1619.1397144964346,474.2794176493642,0.0,1.4275317881165868,287.4609323153072,4731.419341565884,74.09658463572421,0.7724195209115013,0.0,3.2073035312524683,8.446065057878418,591826.937515173
3085.440787920131,11401.346433900286,2773.456834344613,3560.3970118088346,0.0,2030.9010893155755,4815.0009663984765,1630.9298655729147,1317.9629280838483,544.6989758308177,9073.464528793083,404.8964593191879,2197.8077974694297,1492.9672966096368,3204.519106266283,1814.8778958047155,2831.654470268843,6578.881648870282,3871.5753866466216,4621.427632715131,2182.14475149121,1986.3246525135112,492.0927941904799,0.8567971186627019,0.8284951524632927,289.1554588598334,5936.091075273011,68.55641470308049,0.8192483762874423,0.0,0.7901808355062754,9.408422383345732,591312.226956288
2567.8175115133145,12459.207540257445,3579.485096352153,2849.1344561465253,1685.482679867749,1859.3397866422897,4989.494460504627,1610.3487105339318,2130.1561704296905,540.036647224195,7844.770257727084,0.0,2898.7726304309194,1483.126469084596,3633.6176705801095,1693.3324173878095,2721.9185005226054,7289.0030528661055,3773.1071081324562,4363.899381730706,2291.441966852794,2137.7466573894394,493.01975951115816,0.46114863706442,0.45601383732291123,289.17970852663075,4539.400647746291,75.916133225974,0.8407883513797355,0.0,0.0,10.64137577612105,591944.0174288196
2230.3120520836956,13119.84644687948,3463.3484349143637,2722.600580858378,2136.783872086849,1997.9830532543692,5131.463984069169,1710.9656232394846,0.0,509.75125924100405,8923.839143895373,348.90805422430554,2339.2316912580877,1772.6508914534022,3239.928627808784,2015.837450234439,2465.4215953058397,8531.124116248897,2958.183825263136,4432.036952354088,2466.658822440232,1738.353557918247,500.0923827867648,1.347309844076756,2.362221442540441,291.71162985777534,4075.4409349577386,80.0207701527954,0.8374913018027811,0.0,0.0,9.969441676563164,595473.4659059568
2281.6932638766484,13734.361564825957,3332.66598208537,3484.2453058153988,2261.0193161267434,1714.2363990177087,5320.876404534504,1789.0434824518486,0.0,543.4701485514598,7203.415007198271,366.5348928617626,3113.501397759744,1980.9288106751096,3064.530667799284,1424.0091830391543,2438.2346325988,9178.247253285614,2579.9747012107046,5590.784895591177,0.0,1771.2518143531722,489.5704224596088,0.0,0.42165353272580697,288.3627662111325,4655.809776255122,79.87942529919601,0.8528856196314729,0.0,0.0,12.28238320258962,589783.3821838998
2182.1752932825084,11759.008707636418,3668.4780264475444,3441.011869436544,1945.7597737591311,1679.221262891208,4773.572329104201,1796.7821524171363,1778.6267697670912,526.0470602145344,8303.51132838711,409.02744121510574,3171.813881193788,1329.9524964830575,3295.9024307559093,2347.242840316604,1860.6279417089056,9360.577513891076,3766.9021447331875,5118.712698045107,2822.9994724864277,0.0,488.7801830653486,0.0,0.0,293.51324463472076,3019.6057434719874,79.56427319371511,0.9295272066723308,0.0,0.0,14.610253671124177,597518.4432652193
2252.929372182267,11238.563938395775,3780.690276620231,3330.4719401453413,1548.384390732646,1782.6308287665445,5204.680170936807,1759.2265399246492,152.923109332987,604.5046413595278,9950.56774384319,467.73816893290257,2591.2777368255065,1678.286718160005,3223.0873767275307,2054.433888377931,1902.0414427407645,8451.687954610157,3685.277984080177,5204.129085638549,2586.8501750063247,2473.7264942226716,499.1258230696674,0.0,0.0,294.477175496781,4525.322156042607,75.8727910258894,0.9590109130567229,0.0,0.0,13.533317989419812,598476.2787961354
2384.8457682098156,11025.069200834063,4291.584423871047,2894.4384789875767,2012.0515223567427,1863.5761919894483,4692.491801271396,1596.533700749414,743.1405417314344,580.2460935523148,10137.00947124407,449.71746659226216,2986.760163506824,0.0,3516.1343887515795,2908.5981592944595,2193.5885314675975,8323.049334801823,3333.669077881652,5087.58276233067,2503.74655270225,1362.6169214416204,505.94327895534303,0.0,0.0,302.07349527600263,5460.323656123616,79.05779128392777,0.9789053424323875,0.0,0.0,14.364761085109858,600656.5392940552
2070.696841116987,11620.664744199607,4439.4064122454565,3199.9729424896095,0.0,1800.8716382318783,4224.550337800953,1849.4097350727423,1719.6107553779063,596.259861408873,9445.855800026548,407.1153388559971,1819.440593310731,0.0,3541.3792569583456,1883.5965292569178,2208.851778463683,8511.535315199188,4159.802757873758,4776.39159216389,2178.821984031711,1735.0321855454647,503.558477105951,0.0,0.0,298.664823680717,4984.7553565843755,81.22466227326773,1.0438798957141495,0.0,0.0,16.49471798756532,601664.2779429486
2524.344231504869,11785.361683289992,3948.4500171270856,3429.72428171025,1585.1563815226634,1791.7014911084702,4266.947574465661,1673.645053018467,1246.823347582637,648.3468907364899,9832.936991953155,0.0,2228.8771039830262,2397.699388041854,3605.656247321219,2294.002294039624,2393.9197767277137,9403.058882789954,4010.7373652648016,5047.183713575625,2383.33717269731,1863.855143898565,503.3136312572033,0.0,0.0,299.53345429404834,5642.442596005726,85.5154931936364,1.071432535785971,0.0,0.0,17.782039905245977,599959.2878175555
2598.268732323589,12639.846522903232,3711.302092528619,3910.969957627701,1416.5504165900516,1534.2261769888805,4676.206446923722,1584.966690565357,2097.043965558266,584.5008159434693,10127.40914418538,461.13302195972557,3301.1426751298586,1732.2205728572997,3414.700862931843,1778.0741331655854,2243.198438429185,9356.505153780028,3796.39019829524,5660.4321817823175,1967.4088937499864,2698.800725623502,504.0329286206308,0.0,0.0,295.7025544543592,4875.870831598316,83.42210816624551,1.0957454984136183,0.0,0.0,17.357880713058403,603354.2665418475
2585.016279833296,12417.88780649833,4020.022690127902,3016.1736731835804,1402.8078963411344,1662.062480538843,5413.3479764858275,1521.9924286537475,1102.7673898160667,563.866363828796,10831.427918425456,363.1718710103918,2269.462993059181,2231.9961727118775,3101.7824610567513,2442.008896134988,2666.055875410867,8869.090365241651,3358.0940168628013,6081.1778234198755,2273.8502269348564,0.0,508.8454998231151,0.0,0.0,298.4463474504088,6631.138505747009,82.24673608919571,1.110303938866229,0.0,0.0,17.40243519064167,603748.0905986498
3093.740625436774,13189.03451585232,3874.300310563146,3682.5214642941964,0.0,1853.7604824653104,5160.896710091045,1535.331731080872,0.0,711.3138529634723,10822.037747546072,428.1650393524722,1797.7760913420261,1235.0678299121237,3320.4031172396676,1867.5492176856565,2703.0051902341634,9033.350778562657,4500.3600181848915,5653.548897411382,1418.6745841472887,0.0,511.1945857211324,0.0,0.0,295.5105446584972,5919.016690823212,85.28548169217068,1.1833984766878491,0.0,0.0,19.447897023127844,597043.4036748479
3094.812292968347,13926.46185383823,4224.378319011938,3434.8318334721316,1790.1988471894451,1690.7112836700535,4576.317336366004,1431.004018288556,1899.4275633470781,688.3885451714017,10718.384535247782,408.9939558585584,1880.2591177431918,1089.2208999086622,3401.7231610696945,2330.604086250332,2574.195309450319,8811.68373304431,3973.1618888309545,5975.26242436089,0.0,1672.0143977799103,511.34992770780724,0.0,0.0,297.28840066393775,5524.856109910397,84.51583780790283,1.190790191588993,0.0,0.0,20.691787332907293,605172.6960344982
2707.573002731564,14030.736795726942,4238.597513774077,4321.546558900705,1821.3621343999978,1809.8736557855493,4899.859925604846,1704.8007711276884,1540.0440547137678,652.7236220604223,11317.067050272955,0.0,2084.8041706365475,0.0,2770.3242401812086,2463.453889410749,2284.906095147694,8854.26037462196,3281.5879825483808,5744.806715622587,0.0,1640.360578317209,515.7422993482444,0.0,0.0,299.6622497656401,4982.207274619401,86.04456489582542,1.1894178631092127,0.0,0.0,22.227424321967092,601354.5585661101
2566.8882568203567,14288.29677914102,3782.344655223732,3770.7684705141037,1835.7391837332361,1686.1097727248198,4755.6735208305545,1948.3123813000288,1246.4790464612443,712.144931353683,12809.369486112615,400.50209668512525,2324.870640675148,1447.4579734127485,3864.2576978295792,2871.221979259292,2228.1911539244793,7962.737927033944,3803.2514341882156,5018.392702772244,2199.2436065797233,1521.0491345847772,530.3820395795924,0.0,0.0,304.79644288903137,5506.578595474476,82.51306509098433,1.2314003093497345,0.0,0.0,22.651719141009615,611823.9603084864
2441.116918495965,14036.176491735161,4012.10095510065,3945.756020962301,1688.832009928769,1635.5858336439371,4760.8344735537985,1886.0944152891198,1497.215775243325,741.6570702755442,10191.083995097923,345.00776417216935,3283.2331321069723,1828.2254172051173,4083.15482190254,2418.2770633548776,1939.39558613067,8971.314801985252,4855.2479722867665,6660.113307621674,2861.428263196293,1719.8420166930634,520.3910560967838,1.6218177911783382,0.0,304.7456984289456,4785.041081322748,90.23733198237804,1.2904019227434043,0.0,0.0,23.685630192216347,614330.0314411602
2774.6422595402682,13931.841010039452,4020.662222077647,3731.32522837044,1396.136397835397,1714.9311815986052,4243.903555404738,1877.0502988501585,1429.4881490325138,788.4399106970315,10473.756749275166,275.8540912115267,2908.7305310857855,1676.8872569108337,3828.518958729848,2341.6897155976253,1844.9463355305174,10015.09479590414,3915.835069437379,5828.422954651496,1858.6876637042178,2301.4290468230656,516.1379421049679,0.0,0.0,304.25970478401,5165.706213101503,92.10418933834453,1.270082227537689,0.0,0.0,23.290781750818205,617075.6549250503
3007.924706115847,14166.759623730948,4209.966253669099,3441.490661911288,1879.4096460813018,1526.6413093836113,4148.046773537967,1888.0342294899692,1407.3094594677768,697.0595914122898,10444.826791599504,332.9858395423142,1860.6993199812298,816.4437834321587,3066.3717903306565,2573.1548421129705,2078.217652649356,11198.828924385729,3696.53949064693,5542.192908634733,2732.2363945579227,0.0,513.7835623934837,1.360580602747095,0.0,306.09566032656954,6131.839738292346,94.37533776079042,1.273513470311125,0.0,0.0,22.667956197772323,615883.8061936453
2973.6042631481537,13972.267371326767,4439.474148129795,3074.4811077126515,0.0,1647.186306950077,4084.348098785006,1657.7145854868386,0.0,577.012308766524,10688.111579859144,409.6359923976961,2294.6768421624074,1110.8270283431245,3595.8866239908984,2926.8511823481977,2320.4886210899804,9909.271341777358,4240.92543955006,5793.382401615079,2955.5994018851366,1989.9886290609331,515.1979926771784,0.6423655045646537,2.938728549391202,310.63585701417924,6395.158664925023,85.10626757888038,1.3021845555511253,0.871447854262794,0.0,23.340822278785133,614328.8538693662
