   , time      , geo     , x1_TV                , x2_OOH               , x3_Radio             , x4_Podcast          , x5_Video             , x6_Social-Paid     , x7_Social-Organic    , x8_Display        , x9_Programmatic   , x10_Native-Ads       , x11_Paid-Search     , x12_Brand-Search       , x13_Shopping-Ads    , x14_Retargeting   , x15_Affiliate       , x16_CTV              , x17_Streaming-Audio  , x18_Influencer     , x19_Email            , x20_Push-Notif    , c1                   , c1_effect, c2                  , c2_effect           , c3                   , c3_effect           , c4                   , c4_effect, c5                  , c5_effect            , c6                    , c6_effect             , c7                 , c7_effect, c8                 , c8_effect          , c9                  , c9_effect            , c10                , c10_effect         , y                 , population
  0, 2020-01-05, national,    0.0               ,   0.0                ,   0.0                ,    0.0              ,     0.0              ,   0.0              ,     0.0              , 2368.045231110476 , 1786.4082540538493,    27.728844734754187,     0.0             ,   0.0                  ,  10.286431194792586 , 1687.8104965653695,    0.0              ,     0.0              ,     0.0              ,  816.1791541184328 ,  2.684012927596491   ,   0.0             ,   0.0                ,       0.0, 0.0                 , 0.0                 ,  0.0                 , 0.0                 ,   0.0                ,       0.0, 0.0                 , 0.0                  , 0.0                   , 0.0                   , 0.6843184294367941 ,       0.0, 0.0                , 0.0                , 0.8322015154946414  , 0.08322015154946415  , 0.0                , 0.0                , 118875.38688262772,          1
  1, 2020-01-12, national,   15.28513620508413  ,   0.0                ,  64.22505659094332   ,    0.0              ,   393.5454595359811  ,  27.373405584643038,   117.4041992488499  , 2657.360520534812 , 2170.351600849587 ,     0.0              ,   834.5889771611829 ,   0.0                  , 285.4489941240474   , 1632.2073007767908,   66.58122627116293 ,     0.0              ,   233.1559979328196  ,  955.3407427794673 ,  0.0                 , 393.87198300270046,   0.5062988955969232 ,       0.0, 0.0                 , 0.0                 ,  2.643432332905309   , 0.7930296998715927  ,   0.0                ,       0.0, 0.14968432306584006 , 0.022452648459876007 , 0.0027062036959867317 , 0.0005412407391973464 , 0.6120464082276951 ,       0.0, 0.0                , 0.0                , 0.0                 , 0.0                  , 0.0                , 0.0                , 189420.65239987656,          1
  2, 2020-01-19, national,    0.0               ,   0.0                ,   0.0                ,   94.86788695953696 ,     0.0              ,   1.728586521393053,    74.12299138663376 , 2425.954763094439 , 2231.9917831642774,     0.0              ,   382.62833653619435,   0.0                  , 106.65981385742177  , 1745.5568694870083,    0.0              ,     0.0              ,   306.7506564174433  , 1265.8694589908237 ,  3.394849314265939   , 439.8255211853711 ,   0.0                ,       0.0, 2.347274522574007   , 0.5868186306435017  ,  0.0                 , 0.0                 ,  42.771158942046384  ,       0.0, 0.0                 , 0.0                  , 0.0002514717310504781 , 5.029434621009562e-05 , 0.4139050921330447 ,       0.0, 0.0                , 0.0                , 0.3030554450010189  , 0.03030554450010189  , 0.0                , 0.0                , 197105.7590720065 ,          1
  3, 2020-01-26, national,    0.0               ,   0.0                ,  12.562123118539487  ,  625.3326101726325  ,  1572.4087456749905  ,   0.0              ,    51.45288539544475 , 2664.9443380309167, 1754.1552173575906,   475.4838981512495  ,   872.2384354748692 ,   0.0                  ,   4.963285938036615 , 2394.4534519518866,  116.41139234216021 ,     0.0              ,   406.61498694028325 ,  969.184483500316  ,  0.0                 , 419.948664010085  ,   0.0                ,       0.0, 0.17868795431905116 , 0.04467198857976279 ,  0.9408737279363268  , 0.28226211838089804 , 212.5771981081447    ,       0.0, 0.3611857335047836  , 0.05417786002571754  , 0.0                   , 0.0                   , 0.2982313285280821 ,       0.0, 0.0                , 0.0                , 0.5760778225101453  , 0.05760778225101453  , 0.0                , 0.0                , 206886.93615911595,          1
  4, 2020-02-02, national,    4.329823001206261 ,   0.0                ,  13.236752083448438  ,  579.1889001847014  ,  2157.1130849108263  ,   0.0              ,   294.8426731521273  , 2739.0472064204564, 2230.705718258687 ,   760.1141246071692  ,   831.0805602487561 ,   0.18335663900274055  ,   0.0               ,    0.0            ,    0.0              ,     0.0              ,    68.68366869593211 ,    0.0             ,  0.48031625735128847 , 440.24404044341264,   2.947223964106378  ,       0.0, 0.3175538678937284  , 0.0793884669734321  ,  1.967525183672664   , 0.5902575551017991  , 127.14002755551928   ,       0.0, 0.3155982263294843  , 0.04733973394942265  , 0.0                   , 0.0                   , 1.1816194135606004 ,       0.0, 0.0                , 0.0                , 0.3224575447178159  , 0.032245754471781594 , 0.0                , 0.0                , 203758.21449821757,          1
  5, 2020-02-09, national,    0.0               ,   0.0                ,   0.0                ,  387.6001978261833  ,  2389.4838723165235  ,   0.0              ,   506.19367506       ,    0.0            , 2205.094095173756 ,   654.3188169573218  ,  1569.9152176689245 ,   0.0                  ,   0.0               , 1872.5907216786804,  118.27902956690552 ,     0.0              ,     0.0              , 1961.5243158450303 ,  0.09197325089564923 , 415.24341106808834,   0.0                ,       0.0, 0.0                 , 0.0                 ,  1.779541484427193   , 0.5338624453281579  ,  37.440205756320985  ,       0.0, 0.15193151162885152 , 0.022789726744327728 , 0.00020460240886163773, 4.092048177232755e-05 , 0.6978479821849952 ,       0.0, 0.0                , 0.0                , 0.12600885781137378 , 0.012600885781137378 , 0.0                , 0.0                , 206265.49183622832,          1
  6, 2020-02-16, national,    0.0               ,   0.0                ,   0.0                ,  445.60158837135407 ,  2612.4198126160013  ,   0.0              ,   632.5762547212943  , 2515.8964768370174, 2114.275446677656 ,   399.6494565765209  ,  1809.5175524857148 ,   0.0                  ,   0.0               , 1950.0890946117515,   60.662634664976146,   899.29095869393    ,     0.0              ,  346.14556126245157,  0.0                 , 458.7451450039597 ,   0.0                ,       0.0, 0.5385453057916778  , 0.13463632644791945 ,  0.0                 , 0.0                 ,   0.0                ,       0.0, 0.0                 , 0.0                  , 0.0                   , 0.0                   , 0.0                ,       0.0, 0.0                , 0.0                , 0.0                 , 0.0                  , 0.0                , 0.0                , 208707.71721199824,          1
  7, 2020-02-23, national,    0.0               ,   0.0                ,   0.0                ,  119.37647226177312 ,  1338.4247254464497  ,   0.0              ,   723.2631588475101  , 2335.9272764651078,    0.0            ,   933.4500323597535  ,  2946.0924336944895 ,   0.0                  ,   0.0               , 1999.979903489374 ,  173.95392113029587 ,  1227.4239512415822  ,     0.0              , 1943.9025935960412 ,  0.0                 , 455.65208824229   ,   4.78286481153715   ,       0.0, 1.2301434755185399  , 0.30753586887963497 ,  0.0                 , 0.0                 ,   0.0                ,       0.0, 0.0                 , 0.0                  , 0.0                   , 0.0                   , 0.0                ,       0.0, 0.9709769780295763 , 0.3398419423103517 , 0.0                 , 0.0                  , 0.0                , 0.0                , 210622.99264629418,          1
  8, 2020-03-01, national,    0.0               ,   0.0                ,   0.0                ,  434.83714463287606 ,  1387.843735967764   ,   0.0              ,   530.2206958602042  , 2379.6429441102946, 2164.3968831551656,   318.8685986285389  ,  2211.480170579757  ,   0.0                  ,   0.0               , 2101.8612832227273,  324.6289296694546  ,   696.9576627359583  ,     0.0              , 1494.8516326993456 ,  0.0                 , 446.91838426040044,  11.859673607249823  ,       0.0, 0.0                 , 0.0                 ,  1.3961537908206878  , 0.41884613724620634 ,   0.0                ,       0.0, 0.0                 , 0.0                  , 0.0                   , 0.0                   , 0.0                ,       0.0, 0.0                , 0.0                , 0.0                 , 0.0                  , 0.0                , 0.0                , 214357.95900639019,          1
  9, 2020-03-08, national,    0.0               ,   0.0                ,   0.0                ,    0.0              ,   561.433781942738   ,   0.0              ,   461.89979442757294 , 2253.3191452337005, 2268.4152355954757,   938.7825307963652  ,   334.05346089551796,   0.0                  ,   0.0               , 1840.5267572425826,  389.92983998112504 ,  1132.940618315209   ,     0.0              , 1420.048357115459  ,  0.0                 ,   0.0             ,  15.26877925803454   ,       0.0, 0.0                 , 0.0                 ,  3.101040231021534   , 0.9303120693064602  ,   0.0                ,       0.0, 0.0                 , 0.0                  , 0.0                   , 0.0                   , 0.0                ,       0.0, 0.0                , 0.0                , 0.0                 , 0.0                  , 0.0                , 0.0                , 203008.6822563678 ,          1
 10, 2020-03-15, national,    0.0               ,   0.0                ,   0.0                ,   38.677901142635655,    11.522819592326705,   0.0              ,   285.81787378397485 , 2039.7089835050463,    0.0            ,   789.1714307967361  ,  1482.4161546496769 ,   0.0                  ,   0.0               ,    0.0            ,  459.95196841638233 ,  1912.7974069277534  ,   218.58835336184427 , 1236.2584698372136 ,  0.0                 , 394.1053540759166 ,  11.220441889806429  ,       0.0, 0.0                 , 0.0                 ,  4.288759353547127   , 1.286627806064138   ,   0.0                ,       0.0, 0.0                 , 0.0                  , 0.0                   , 0.0                   , 0.0                ,       0.0, 1.1667876252509934 , 0.4083756688378477 , 0.0                 , 0.0                  , 1.3171619325679622 , 0.592722869655583  , 198256.4902027866 ,          1
 11, 2020-03-22, national,    0.0               ,   0.0                ,   0.0                ,    0.0              ,     0.0              ,   0.0              ,   116.40121338234724 , 2813.5314146889664, 1387.2939069066372,   987.9426744534744  ,  1897.9559964602709 ,   0.0                  ,   0.0               , 1522.0142770206999,  419.50456430366836 ,   921.6293602656077  ,   267.88323206651876 , 1691.7630903359607 ,  0.0                 , 421.0814487314921 ,   0.0                ,       0.0, 0.0                 , 0.0                 ,  8.613892694334137   , 2.584167808300241   ,   0.0                ,       0.0, 0.0                 , 0.0                  , 0.0                   , 0.0                   , 0.0                ,       0.0, 0.6841913902168499 , 0.23946698657589746, 0.0                 , 0.0                  , 0.6753602641701177 , 0.303912118876553  , 200963.1537152463 ,          1
 12, 2020-03-29, national,    0.0               ,   0.0                ,   0.0                ,    0.0              ,  1375.247804771452   ,   0.0              ,    46.560470072687366, 2613.8880125740648, 1544.8265345462444,   479.7485841678849  ,   446.9679952833017 ,   0.0                  ,   0.0               , 1724.6720981426238,  199.66394931238645 ,   745.6109745328174  ,   836.8289355396251  ,    0.0             ,  0.0                 , 460.4056606397414 ,   3.9524011024811156 ,       0.0, 1.7692915840793697  , 0.4423228960198424  , 10.09996983170345    , 3.0299909495110353  ,   0.0                ,       0.0, 0.0                 , 0.0                  , 0.0                   , 0.0                   , 0.0                ,       0.0, 0.0                , 0.0                , 0.0                 , 0.0                  , 1.1465647440559779 , 0.51595413482519   , 193816.9933982355 ,          1
 13, 2020-04-05, national,    0.0               ,   0.0                ,   0.0                ,    0.0              ,  2553.5275569431537  ,   0.0              ,   266.1687875398482  , 2091.0616846084113, 2317.113214803805 ,   944.5426681728694  ,  2136.4478296676125 ,   0.0                  ,   0.0               , 2264.9073211629875,  376.5108748050111  ,   293.2226412955371  ,   942.4249827284218  , 1664.2608253793687 ,  0.0                 , 372.834443626214  ,   3.325853336828882  ,       0.0, 0.5946768682399399  , 0.14866921705998498 ,  6.6063517303734125  , 1.9819055191120236  ,   0.0                ,       0.0, 0.0                 , 0.0                  , 0.0                   , 0.0                   , 0.0                ,       0.0, 0.0                , 0.0                , 0.0                 , 0.0                  , 1.4492524369552064 , 0.6521635966298429 , 205599.91198049212,          1
 14, 2020-04-12, national,    0.0               ,   0.0                ,   0.0                ,    0.0              ,  1341.9591624595957  ,   0.0              ,   566.1024733938762  ,    0.0            ,    0.0            ,   772.2846237216112  ,   618.6247800650001 ,   0.0                  ,   0.0               , 1641.1926408157653,  153.0612810042761  ,    14.013101542017301,   428.49289410236634 , 1515.4863550738928 ,  0.0                 , 402.4576470819927 ,   0.0                ,       0.0, 0.6673734073464825  , 0.16684335183662063 ,  9.133286699890524   , 2.7399860099671574  ,   0.0                ,       0.0, 0.0                 , 0.0                  , 0.0                   , 0.0                   , 0.0                ,       0.0, 0.0                , 0.0                , 0.0                 , 0.0                  , 0.17399626977557203, 0.07829832139900741, 195347.17986379052,          1
 15, 2020-04-19, national,    0.0               ,   0.0                ,   0.0                ,    0.0              ,     0.0              ,   0.0              ,   467.99363794513687 , 2782.811679604025 , 2237.8898767072683,   850.8360497198439  ,   573.2840112793684 ,   0.0                  ,   0.0               , 1527.8123628626513,  471.2854202453589  ,   885.1236815004141  ,   308.61247818872664 , 1960.3618005846724 ,  0.0                 , 420.94243680017746,   3.7087798147147666 ,       0.0, 0.0                 , 0.0                 ,  4.715479015410813   , 1.4146437046232438  ,   0.0                ,       0.0, 0.0                 , 0.0                  , 0.0                   , 0.0                   , 0.0                ,       0.0, 0.0                , 0.0                , 0.0                 , 0.0                  , 1.2062462980066975 , 0.5428108341030139 , 199872.61738883317,          1
 16, 2020-04-26, national,    0.0               ,   9.426085281122065  ,   0.0                ,    0.0              ,   536.7476778604661  ,   0.0              ,   187.19745494875548 , 2498.7816150694252, 1835.2413204372447,   604.9841655741799  ,   579.0262568839389 ,   0.0                  ,   0.0               , 1554.1979012597835,  232.47391884116817 ,  3087.3980219868176  ,   427.2474250386397  , 2361.1568167539053 ,  0.0                 ,   0.0             ,   0.3340031650855287 ,       0.0, 0.0                 , 0.0                 ,  4.226955107904549   , 1.2680865323713646  ,   0.0                ,       0.0, 0.0                 , 0.0                  , 0.0                   , 0.0                   , 0.0                ,       0.0, 0.0                , 0.0                , 0.0                 , 0.0                  , 0.0                , 0.0                , 199552.89701988577,          1
 17, 2020-05-03, national,    0.0               ,  26.494818168631586  ,   0.0                ,  201.96787978626617 ,     0.0              ,  39.832846175837815,   180.71304779002608 , 1992.50432087824  , 1570.690396588576 ,  1092.6078590827483  ,  3000.362793762709  ,   0.0                  ,   0.0               ,    0.0            ,  294.20623611608164 ,  2397.2306474924826  ,     0.0              , 1183.5048464454521 ,  0.0                 , 428.61402004333956,   0.0                ,       0.0, 0.0                 , 0.0                 ,  4.846454335185966   , 1.4539363005557897  ,   0.0                ,       0.0, 0.0                 , 0.0                  , 0.0                   , 0.0                   , 0.0                ,       0.0, 0.0                , 0.0                , 0.0                 , 0.0                  , 0.0                , 0.0                , 222450.7314653125 ,          1
 18, 2020-05-10, national,   24.26286593687927  ,  19.98164101255122   ,   0.0                ,  503.0496054338891  ,     0.0              ,  69.48534051574327 ,    73.37736707866392 , 2996.597814063995 , 1977.4576498170406,  1934.2635067367544  ,  4216.40288720011   ,  10.587842393040573    ,   0.0               ,    0.0            ,    0.0              ,  4849.8475081147935  ,    42.734921639769034, 2072.4633118458937 ,  0.0                 , 416.72561824769224,   3.8129244782017397 ,       0.0, 0.0                 , 0.0                 ,  4.914371390569341   , 1.4743114171708023  ,   0.0                ,       0.0, 0.0                 , 0.0                  , 0.0                   , 0.0                   , 0.0                ,       0.0, 0.0                , 0.0                , 0.0                 , 0.0                  , 0.0                , 0.0                , 240954.34936710336,          1
 19, 2020-05-17, national,   13.348507292377755 ,   7.666072895931902  ,  17.871951071765736  ,  370.66113888192103 ,  2064.440117034716   ,  64.71149892787867 ,   196.39515529397266 , 2909.148994551544 , 2478.596784714054 ,  1279.8812660828253  ,  3748.8462567031947 ,  41.88667513151446     ,   7.295371820607638 , 1612.5612465552188,  129.98619846878978 ,  4695.5668151065565  ,    29.415018000726327,  997.9119100001417 ,  0.0                 , 452.33416202928794,   0.9760173507818586 ,       0.0, 0.0                 , 0.0                 ,  3.0408822943899816  , 0.9122646883169945  ,   4.204303120833437  ,       0.0, 0.013930297282785288, 0.0020895445924177932, 0.00022098786493818164, 4.419757298763633e-05 , 0.0                ,       0.0, 0.0                , 0.0                , 0.02049502262716992 , 0.0020495022627169917, 0.0                , 0.0                , 278040.583356074  ,          1
 20, 2020-05-24, national,    0.0               ,   0.0                ,  30.83218138575106   ,    0.0              ,  4168.118543073679   ,  58.28345331811761 ,   532.3373769440805  , 2418.2922561191767, 1814.3327523808164,   703.5645647302866  ,  2464.3042666656397 , 103.95738907713586     ,  80.33890798774284  , 1716.199022913782 ,    0.0              ,  5767.3632511086225  ,     0.0              ,    0.0             ,  0.0                 , 356.1042801762508 ,   0.0                ,       0.0, 2.352739738401498   , 0.5881849346003745  ,  2.691957863878688   , 0.8075873591636064  ,   0.0                ,       0.0, 0.2099841257446005  , 0.03149761886169008  , 0.0011824713033373015 , 0.00023649426066746032, 0.0                ,       0.0, 0.0                , 0.0                , 0.4254863665212164  , 0.04254863665212164  , 1.4622102000337096 , 0.6579945900151694 , 298843.44284887944,          1
 21, 2020-05-31, national,    0.0               ,  24.108020145171356  ,  63.23989506900732   ,  119.11080269901633 ,  4310.527561789601   ,  74.16955001628563 ,  1063.407258190534   , 1158.7425985018047, 2215.4841616831795,   506.46964707628047 ,  2824.067059998409  , 136.0948035189432      , 109.57756915643485  , 1618.9843344889257,  388.80165574205756 ,  5458.375234769639   ,     0.0              ,    0.0             ,  0.9675944263110712  , 451.22005986406714,   0.0                ,       0.0, 0.25477503176822736 , 0.06369375794205684 ,  3.884156597959061   , 1.1652469793877183  ,  17.909568076063717  ,       0.0, 0.38237122140052443 , 0.05735568321007866  , 0.0023311995307223636 , 0.00046623990614447274, 0.0                ,       0.0, 0.0                , 0.0                , 0.7868396866886512  , 0.07868396866886512  , 0.36035096546667866, 0.1621579344600054 , 322394.2791238413 ,          1
 22, 2020-06-07, national,    0.0               ,  87.16730700490042   ,  16.024071109544998  ,  140.92835237282594 ,  6341.7267641181725  ,  60.10259620051703 ,  1249.2236192289322  ,    0.0            ,    0.0            ,    43.08365715423077 ,  3318.2018243263874 , 158.5685079608022      ,  32.377625160701115 , 1542.765680290287 ,  331.70288362347264 ,  3088.3437022577077  ,   337.4673654193269  , 1059.3510516451265 ,  0.0                 ,   0.0             ,   0.0                ,       0.0, 0.0                 , 0.0                 ,  0.7972950956682155  , 0.23918852870046464 ,  28.761210668812932  ,       0.0, 0.7606182860231295  , 0.11409274290346942  , 0.002415519694605107  , 0.0004831039389210214 , 0.0                ,       0.0, 0.0                , 0.0                , 0.8282380247250518  , 0.08282380247250519  , 1.0598873874316859 , 0.47694932434425863, 322613.0250580234 ,          1
 23, 2020-06-14, national,    0.0               ,   0.0                ,  85.77870733380603   ,  523.8219014895603  ,  4835.02497714386    , 135.6443070069773  ,  1608.062774762061   , 2310.357069033089 ,    0.0            ,   511.6171228744191  ,  4075.7409397057304 , 157.59143526966875     , 116.73912828593873  , 1669.96031506315  ,   21.965054684647097,  5268.84411700919    ,   856.9468800829911  , 1148.6925291697876 ,  6.699931978945418   , 324.02397575909725,   0.0                ,       0.0, 0.0                 , 0.0                 ,  3.7785195710129575  , 1.1335558713038871  , 127.70647677548703   ,       0.0, 0.6902269321069793  , 0.10353403981604689  , 0.006519923472552821  , 0.0013039846945105643 , 0.0                ,       0.0, 0.0                , 0.0                , 1.4242628197107146  , 0.14242628197107146  , 0.0                , 0.0                , 347217.2071586592 ,          1
 24, 2020-06-21, national,    0.0               ,  29.63144300145957   ,  23.488585595414346  ,    0.0              ,  5849.56053067194    ,  53.97036731043005 ,  1529.223554084172   , 2514.2160191261323, 1710.8500338930871,     3.522334031085794,  3263.2351298941026 , 182.4165333173138      , 178.82354344435151  , 1630.1613839793984,    0.0              ,  3979.696651341725   ,   831.5213109460244  , 1341.1284089361875 , 10.11153629261291    , 385.27229278984817,   0.0                ,       0.0, 1.1570583883087773  , 0.2892645970771943  ,  0.9801865676765235  , 0.29405597030295705 ,   0.0                ,       0.0, 0.9146025497446119  , 0.13719038246169177  , 0.0030251414468428304 , 0.0006050282893685661 , 0.0                ,       0.0, 0.0                , 0.0                , 1.5303562492735665  , 0.15303562492735667  , 0.0                , 0.0                , 353984.3579538022 ,          1
 25, 2020-06-28, national,  183.16454726611025  ,   0.0                ,   0.0                ,  225.4909282488332  ,  6662.566754676768   , 168.83004664455945 ,  1670.0687163982434  , 2808.3394150278473, 1829.256655924591 ,   224.8167462585035  ,  4167.942316386334  , 152.55308087967043     , 249.17385746056075  , 1330.94835087919  ,    0.0              ,  2140.081863600017   ,   738.432021953602   ,  486.0829032941815 , 16.02491717939379    ,   0.0             ,   6.44942313379349   ,       0.0, 0.0                 , 0.0                 ,  0.0                 , 0.0                 ,  62.21412629735539   ,       0.0, 1.0691034779177824  , 0.16036552168766735  , 0.011007154841896906  , 0.0022014309683793813 , 0.0                ,       0.0, 0.0                , 0.0                , 1.5026051287334827  , 0.1502605128733483   , 0.0                , 0.0                , 368144.47094920283,          1
 26, 2020-07-05, national,    0.0               ,  11.903838847962728  ,   0.0                ,  573.9819545459019  ,  5020.033695066854   , 171.9606501586645  ,  1960.8065958978905  , 2279.8934345462876, 1937.5315690269408,     0.0              ,  6827.682215981286  , 117.19483751653563     , 127.07270573207828  , 1766.4276661115757,    0.0              ,  2562.5762013412623  ,     0.0              , 1925.9131810162762 , 29.388570666452996   , 479.69375377437973,   0.0                ,       0.0, 2.306564442115965   , 0.5766411105289913  ,  0.0                 , 0.0                 , 153.78984899910793   ,       0.0, 0.7798023524617064  , 0.11697035286925594  , 0.013284250293371172  , 0.0026568500586742344 , 0.0                ,       0.0, 0.0                , 0.0                , 1.0221483343402147  , 0.10221483343402148  , 0.0                , 0.0                , 370050.5272510827 ,          1
 27, 2020-07-12, national,  106.95337286077003  ,   0.9371470495807184 ,   0.0                ,  393.02377379180234 ,  7204.806130983133   , 138.9133642368437  ,  1789.2921139306263  , 2111.0749614398364, 1264.1344762364538,    60.82802003398211 ,  5621.990968978563  , 101.62637133720693     , 123.15989982875382  ,    0.0            ,    0.0              ,  1315.6143739200124  ,     0.0              ,  886.2214245802302 , 27.05220185744294    , 402.1245893984595 ,   5.2394994581085665 ,       0.0, 0.20255991824354913 , 0.05063997956088728 ,  0.0                 , 0.0                 ,  96.35717014116395   ,       0.0, 1.021006894358337   , 0.15315103415375056  , 0.01340089337365715   , 0.00268017867473143   , 0.0                ,       0.0, 0.0                , 0.0                , 0.8056593912228005  , 0.08056593912228005  , 0.0                , 0.0                , 363900.7019068429 ,          1
 28, 2020-07-19, national,   38.55373827733587  ,   0.0                ,  18.830578004036422  ,  151.9214854448697  ,  3488.5076645910412  , 130.45307934251412 ,  2043.6149112028786  , 2213.479101148297 , 2123.4348667750446,   211.29879387101397 ,  6906.216497307956  ,  94.92108314186116     ,  77.39335684590876  , 1805.624804366564 ,    0.0              ,  1612.6539391647145  ,     0.0              ,    0.0             , 16.87417076532545    , 381.0011320864288 ,   2.6217919351330097 ,       0.0, 1.747503226546224   , 0.436875806636556   ,  1.194618014152428   , 0.3583854042457284  ,  31.82711081896232   ,       0.0, 0.4212207962859533  , 0.063183119442893    , 0.01810432585824287   , 0.0036208651716485743 , 0.0                ,       0.0, 0.0                , 0.0                , 0.5375067590774124  , 0.05375067590774124  , 0.0                , 0.0                , 359742.0977169639 ,          1
 29, 2020-07-26, national,   99.03032054765909  ,   0.0                ,  11.717556759237127  ,    0.0              ,  6818.595115727934   ,  21.516223010082392,  1475.3996411635703  , 2450.162320527312 , 2469.4011731372325,     0.0              ,  3432.3858513154946 ,  41.37147169215965     ,  31.784111579207668 , 1962.2339529807532,   25.858098181524365,   238.75425551103606 ,     0.0              , 1746.9790703183558 , 18.969271236252155   ,   0.0             ,  11.92526705425851   ,       0.0, 0.0                 , 0.0                 ,  1.056405364830618   , 0.3169216094491854  ,   0.0                ,       0.0, 0.640543086017285   , 0.09608146290259276  , 0.008092482115585857  , 0.0016184964231171714 , 0.0                ,       0.0, 0.0                , 0.0                , 0.0                 , 0.0                  , 0.0                , 0.0                , 350920.64721236826,          1
 30, 2020-08-02, national,    0.2958767034914468,   0.0                ,  13.329214396517637  ,  223.4770629314877  ,  6805.482157513575   ,   0.0              ,  1802.8754014760236  , 2731.0572335185384,    0.0            ,   247.30437336706686 ,  3676.1895482024993 ,  15.385546429575804    ,   0.0               , 1597.8169305624124,    0.0              ,     0.0              ,     0.0              , 1261.3214354935287 , 11.486821516249705   ,   0.0             ,   0.18602046730110003,       0.0, 0.7767629910093532  , 0.1941907477523383  ,  2.275458705548044   , 0.6826376116644132  ,  24.578476897197653  ,       0.0, 0.4290765315908521  , 0.06436147973862781  , 0.0020109930885612057 , 0.00040219861771224115, 0.0                ,       0.0, 0.0                , 0.0                , 0.16311419141021855 , 0.016311419141021855 , 0.0                , 0.0                , 326007.0493811128 ,          1
 31, 2020-08-09, national,    0.0               ,   0.0                ,   0.7237996525239053 ,    0.0              ,  5079.84279255939    ,   0.0              ,  1945.5687886911273  ,    0.0            , 2616.373430926489 ,     6.257043524669452,  2300.5846413211293 ,   1.9242120837784622   ,   0.0               , 1842.1366051827554,    0.0              ,  1080.714520212132   ,  1023.7448062573646  , 1324.3079128564095 ,  7.048692138110826   , 430.249392835805  ,   1.5061450177555915 ,       0.0, 1.3937548568727465  , 0.3484387142181866  ,  1.964764651087763   , 0.5894293953263289  ,   0.0                ,       0.0, 0.15221404652439147 , 0.022832106978658718 , 0.004008508230148287  , 0.0008017016460296574 , 1.2021732135021157 ,       0.0, 0.0                , 0.0                , 0.18862994451934575 , 0.018862994451934578 , 0.0                , 0.0                , 310635.94314763043,          1
 32, 2020-08-16, national,    0.0               ,   0.0                ,   0.0                ,    0.0              ,  3113.211224909779   ,   0.0              ,  1692.400362049037   ,    0.0            , 2554.3797749929045,   342.94772597205224 ,  2415.651332940143  ,   1.1545272502670771   ,   0.0               , 2312.052342929457 ,    0.0              ,     0.0              ,   787.8353942687869  , 1023.1759166059047 ,  0.0                 , 338.59330713466255,  14.024828241135104  ,       0.0, 1.4352150354949533  , 0.35880375887373833 ,  0.0                 , 0.0                 ,   0.0                ,       0.0, 0.0                 , 0.0                  , 0.0                   , 0.0                   , 1.0437440294109759 ,       0.0, 0.0                , 0.0                , 0.0                 , 0.0                  , 0.0                , 0.0                , 282284.55205351644,          1
 33, 2020-08-23, national,    0.0               ,   0.0                ,   0.0                ,  516.197338171556   ,   476.5296991649186  ,   0.0              ,  1237.2685656725387  , 2507.7671430531113, 1706.4186817180262,     0.0              ,  1497.0953039822903 ,   0.6927163501602464   ,   0.0               ,    0.0            ,  263.72886473787986 ,  1860.1797416550326  ,  1409.2963423300628  ,    0.0             ,  0.0                 , 433.9929256360639 ,   0.0                ,       0.0, 1.314959875582038   , 0.3287399688955095  ,  0.7119267253090191  , 0.21357801759270573 ,   0.0                ,       0.0, 0.0                 , 0.0                  , 0.0                   , 0.0                   , 1.1524457167593354 ,       0.0, 2.90711022262428   , 1.0174885779184981 , 0.0                 , 0.0                  , 0.0                , 0.0                , 263074.65371776884,          1
 34, 2020-08-30, national,    0.0               ,   0.0                ,   0.0                ,  886.159213769227   ,     0.0              ,   0.0              ,   580.658412247908   , 2155.9807703043607, 1760.7289342010138,     0.0              ,  4093.9117249465066 ,   0.4156298100961478   ,   0.0               , 1668.976099629979 ,  743.747424410889   ,  1563.0954142256307  ,   780.793959415089   ,    0.0             ,  0.0                 , 505.5798512413178 ,   0.0                ,       0.0, 1.5472412126947312  , 0.3868103031736828  ,  1.5640445852195555  , 0.4692133755658666  ,   0.0                ,       0.0, 0.0                 , 0.0                  , 0.0                   , 0.0                   , 0.0                ,       0.0, 1.1475747060094539 , 0.40165114710330885, 0.0                 , 0.0                  , 0.0                , 0.0                , 249729.93626117014,          1
 35, 2020-09-06, national,    0.0               ,   0.0                ,   0.0                , 2150.465552238805   ,     0.0              ,   0.0              ,   232.25483894438574 , 2948.1544924136206, 1227.0419495106007,     0.0              ,  2791.6200978992165 ,   0.24937788605768865  ,   0.0               , 1664.874639454515 ,  446.99613310272605 ,  1381.7503664589576  ,  1593.2944402336327  ,    0.0             ,  0.0                 , 346.94038599493786,   0.0                ,       0.0, 0.0                 , 0.0                 ,  0.0                 , 0.0                 ,   0.0                ,       0.0, 0.0                 , 0.0                  , 0.0                   , 0.0                   , 0.0                ,       0.0, 0.7398233381087401 , 0.25893816833805905, 0.0                 , 0.0                  , 0.6816334688039788 , 0.3067350609617905 , 232163.23755758716,          1
 36, 2020-09-13, national,    0.0               ,   0.0                ,   0.0                , 1053.2629041702653  ,     0.0              ,   0.0              ,    92.8989514935822  , 2121.816129407418 ,    0.0            ,     0.0              ,  4138.239742851445  ,   0.1496267316346132   ,   0.0               , 1614.4461229234962,  224.22892333633558 ,  4027.292664081547   ,   650.5677099304893  , 1977.4056544167229 ,  0.0                 , 449.53120311671825,   3.143749748247588  ,       0.0, 0.0                 , 0.0                 ,  0.0                 , 0.0                 ,   0.0                ,       0.0, 0.0                 , 0.0                  , 0.0                   , 0.0                   , 0.0                ,       0.0, 1.2085009743577018 , 0.4229753410251956 , 0.0                 , 0.0                  , 0.8947187810675491 , 0.4026234514803971 , 224950.51666855434,          1
 37, 2020-09-20, national,    0.0               ,   0.0                ,   0.0                ,  541.0743023567395  ,     0.0              ,   0.0              ,    37.15853616797265 , 2673.464918980055 , 2542.9579982725536,   219.42677790746498 ,  2609.815345738603  ,   0.08977603898076791  ,   0.0               , 1719.985451440006 ,  402.91779375705613 ,  8560.246847554541   ,   365.4322764354747  , 1772.6856549796462 ,  0.0                 ,   0.0             ,   0.0                ,       0.0, 0.0                 , 0.0                 ,  1.7734739505737063  , 0.5320421851721119  ,   0.0                ,       0.0, 0.0                 , 0.0                  , 0.0                   , 0.0                   , 0.0                ,       0.0, 0.0                , 0.0                , 0.0                 , 0.0                  , 0.5034033011493245 , 0.22653148551719604, 220230.42988244732,          1
 38, 2020-09-27, national,    0.0               ,   0.0                ,   0.0                ,  362.5430460664154  ,     0.0              ,   0.0              ,    14.863048916877977,    0.0            , 2077.1180828113097,     0.0              ,  1816.4037561101334 ,   0.05386562338846075  ,   0.0               , 1682.6506467182644,  246.86483578294494 ,  7873.792458552057   ,     0.0              , 1883.1017930066553 ,  0.0                 ,   0.0             ,   0.0                ,       0.0, 0.7737938386391892  , 0.1934484596597973  ,  0.19483486947708825 , 0.058450460843126474,   0.0                ,       0.0, 0.0                 , 0.0                  , 0.0                   , 0.0                   , 0.0                ,       0.0, 0.0                , 0.0                , 0.0                 , 0.0                  , 1.035007128190448  , 0.4657532076857016 , 205299.10639591422,          1
 39, 2020-10-04, national,    0.0               ,   0.0                ,   0.0                ,  540.2066372935693  ,     0.0              ,   0.0              ,     5.945091624142312,    0.0            , 2034.229359022865 ,   689.0379123644465  ,   109.9537265930721 ,   0.03231937403307645  ,   0.0               ,    0.0            ,    0.0              , 10372.37939765398    ,     0.0              , 1174.1276964949575 ,  0.0                 , 441.4463189852837 ,   8.48222693376343   ,       0.0, 0.06549118710706803 , 0.016372796776767007,  5.234688468222308   , 1.5704065404666925  ,   0.0                ,       0.0, 0.0                 , 0.0                  , 0.0                   , 0.0                   , 0.0                ,       0.0, 0.0                , 0.0                , 0.0                 , 0.0                  , 0.9190815451211469 , 0.41358669530451614, 197616.4759952462 ,          1
 40, 2020-10-11, national,    0.0               ,   0.0                ,   0.0                ,  567.0532979227135  ,  1025.4961891572345  ,   0.0              ,     2.377991869743817, 2862.5415584125494,    0.0            ,  1208.8905400513058  ,  1449.4582542981238 ,   0.01939162441984587  ,   0.0               , 1730.2537141585904,   81.85753962989943 , 10068.129410444473   ,     0.0              , 1328.2373985959157 ,  0.0                 , 408.5148412147699 ,   3.6509794665257345 ,       0.0, 1.2103808752054008  , 0.3025952188013502  ,  4.92217077108806    , 1.4766512313264177  ,   0.0                ,       0.0, 0.0                 , 0.0                  , 0.0                   , 0.0                   , 0.0                ,       0.0, 0.0                , 0.0                , 0.0                 , 0.0                  , 0.0                , 0.0                , 204682.49625257173,          1
 41, 2020-10-18, national,    0.0               ,   0.0                ,   0.0                ,    0.0              ,     0.0              ,   0.0              ,   185.54049512323016 , 2179.1807611714557, 1612.9375244396883,   342.4209046277386  ,  3630.768801057776  ,   0.011634974651907522 ,   0.0               , 2024.5538383888486,   17.113844716149   , 16312.647524907628   ,     0.0              , 1512.600012972743  ,  0.0                 , 410.08341823432704,   4.105612889993406  ,       0.0, 1.2500104361787219  , 0.31250260904468047 ,  1.7382467788029687  , 0.5214740336408906  ,   0.0                ,       0.0, 0.0                 , 0.0                  , 0.0                   , 0.0                   , 0.0                ,       0.0, 0.0                , 0.0                , 0.0                 , 0.0                  , 0.0                , 0.0                , 211216.4237564918 ,          1
 42, 2020-10-25, national,    0.0               ,   0.0                ,   0.0                ,    0.0              ,  1247.9085361164775  ,   0.0              ,    74.2161925637527  , 2365.475146381449 , 1478.5118519312991,   961.1903361098764  ,  2838.924454200986  ,   0.006980984791144513 ,   0.0               , 1962.7746982995584,  184.73506053850303 , 11720.971113793868   ,     0.0              ,    0.0             ,  0.0                 , 436.6883012168535 ,   0.0                ,       0.0, 0.32762214002250345 , 0.08190553500562586 ,  6.335682752875174   , 1.900704825862552   ,   0.0                ,       0.0, 0.0                 , 0.0                  , 0.0                   , 0.0                   , 0.0                ,       0.0, 0.0                , 0.0                , 0.0                 , 0.0                  , 0.0                , 0.0                , 216042.18152253405,          1
 43, 2020-11-01, national,    0.0               ,   0.0                ,   0.0                ,   83.2768758195802  ,  4489.293269330123   ,   8.00546107468928 ,   261.76798835973244 , 2938.33210996463  ,    0.0            ,   329.44284874113947 ,  1595.9633735303992 ,   0.0041885908746867075,   0.0               , 1536.715354860263 ,    0.0              , 13460.492400114705   ,     0.0              ,  843.2279364020198 ,  0.0                 , 434.5135380619757 ,   0.36540943006999516,       0.0, 0.003927674655193392, 0.000981918663798348,  5.831952028278347   , 1.749585608483504   ,   0.0                ,       0.0, 0.0                 , 0.0                  , 0.0                   , 0.0                   , 0.0                ,       0.0, 0.0                , 0.0                , 0.0                 , 0.0                  , 0.0                , 0.0                , 222738.42466069612,          1
 44, 2020-11-08, national,    0.9050209249237091,  38.37532062598092   ,   0.0                ,    0.0              ,  2309.7105412001238  ,  10.264626755933756,   973.4100591804888  ,    0.0            ,    0.0            ,   470.91235898878097 ,  1591.2696003496135 ,   0.830970790079062    ,   0.0               , 2184.6894431209334,    0.0              , 17631.140599480972   ,     0.0              , 1454.9383623932724 ,  0.0                 , 408.90694494736863,   0.22094616655211716,       0.0, 0.0                 , 0.0                 ,  6.4480692387166485  , 1.9344207716149944  ,   0.0                ,       0.0, 0.0                 , 0.0                  , 0.0                   , 0.0                   , 0.0                ,       0.0, 0.0                , 0.0                , 0.0                 , 0.0                  , 0.0                , 0.0                , 233126.48455310464,          1
 45, 2020-11-15, national,    0.0               ,  20.623362914334706  ,  18.24530498675497   ,   61.49464785630873 ,     0.0              ,  75.94593213974849 ,   830.7458668650904  , 1771.8569695495603, 1554.4868220191543,    94.60269185100869 ,  3004.1320418201562 ,  19.97936922636811     ,  45.57290638633792  ,    0.0            ,  230.55940348654698 , 17414.757758919575   ,  1073.316992540473   ,    0.0             ,  0.038193568195378294,   0.0             ,   0.0                ,       0.0, 0.0                 , 0.0                 ,  4.159112383797123   , 1.247733715139137   ,   0.16473382474200085,       0.0, 0.0                 , 0.0                  , 0.00010528109709276255, 2.105621941855251e-05 , 0.6505071164216872 ,       0.0, 0.0                , 0.0                , 0.007170169723810064, 0.0007170169723810065, 0.0                , 0.0                , 281214.2649179625 ,          1
 46, 2020-11-22, national,  174.40543606079135  ,   0.0                ,  35.30619201713685   ,  862.9700728906632  ,     0.0              ,  89.19475471895753 ,   414.00373742789486 , 2900.8929078086935, 2203.551348681732 ,     0.0              ,   472.9126188537505 ,  40.83818143976629     , 107.39154312260635  ,    0.0            ,  457.48381929710274 , 21741.139014861124   ,     0.0              , 1780.6670538906121 ,  2.0003182458617412  , 524.4028090350555 ,  12.301653175980608  ,       0.0, 0.0                 , 0.0                 ,  3.9173219596701574  , 1.175196587901047   ,  41.05916401545163   ,       0.0, 0.0                 , 0.0                  , 0.0017028670539813284 , 0.0003405734107962657 , 0.22322519489065062,       0.0, 0.0                , 0.0                , 0.12174827646106186 , 0.012174827646106187 , 0.0                , 0.0                , 333709.14562644454,          1
 47, 2020-11-29, national,  218.43792953421976  ,  24.52169995317486   ,  36.00282289432435   ,   69.73830458815758 ,     0.0              ,  99.12411729725952 ,   165.7871724306943  , 3355.3107725707196, 2228.860054470345 ,     0.0              ,   353.9520742441778 ,  80.52612743844547     , 115.67921901637202  , 1553.6538318072342,  684.2627327867968  , 16444.20409916199    ,   256.6596394856985  , 1482.0065190014732 ,  5.613469493238843   , 395.5667795737848 ,  12.145958109146337  ,       0.0, 0.0                 , 0.0                 ,  2.756930448766396   , 0.8270791346299188  ,   6.1670610246503    ,       0.0, 0.0                 , 0.0                  , 0.0030295024621398896 , 0.000605900492427978  , 1.0034304107987106 ,       0.0, 0.0                , 0.0                , 0.3243490534727078  , 0.03243490534727078  , 0.0                , 0.0                , 355446.8507073737 ,          1
 48, 2020-12-06, national,    0.0               ,  52.530999116736304  ,   0.0                ,    0.0              ,   354.6622082902981  , 184.02582386937456 ,    66.7233695865266  , 2322.328731055487 ,    0.0            ,     0.0              ,   863.324589153204  ,  65.65288599072126     , 227.3583081965573   , 1591.057796960654 ,  297.021214634196   , 16438.094103317748   ,  1813.5551601426343  ,    0.0             ,  4.942491411399261   , 388.4694403852649 ,   0.0                ,       0.0, 0.0                 , 0.0                 ,  0.0                 , 0.0                 ,   0.0                ,       0.0, 0.02419338840236794 , 0.003629008260355191 , 0.007261702985275912  , 0.0014523405970551825 , 1.8081624642929928 ,       0.0, 0.0                , 0.0                , 0.5634503589986805  , 0.05634503589986805  , 0.0                , 0.0                , 351960.5769596884 ,          1
 49, 2020-12-13, national,    0.0               ,  28.205934058470085  ,  84.1576034921967    ,    0.0              ,   544.7250947661569  , 198.8405390496399  ,   409.6022798983579  , 2079.5208447577534, 1890.563851203756 ,     0.0              ,   433.93111265588686, 135.83837055182127     , 190.71036456869297  , 1543.7231552203075,    0.0              , 17032.269969658162   ,     0.0              ,    0.0             ,  4.397034848401011   , 315.53638998010774,   0.0                ,       0.0, 0.0                 , 0.0                 ,  4.532874844430859   , 1.3598624533292576  ,   0.0                ,       0.0, 0.0451359868149506  , 0.00677039802224259  , 0.009419531856087675  , 0.001883906371217535  , 1.2951273329029767 ,       0.0, 0.0                , 0.0                , 0.8532820229906518  , 0.08532820229906518  , 0.0                , 0.0                , 347404.20238812687,          1
 50, 2020-12-20, national,    0.0               ,   2.5685790679941167 , 138.67776838110896   ,  490.86393381922744 ,     0.0              , 150.70855740699398 ,   269.2478234751303  , 2390.3917820745482, 2699.7594244888605,   353.9008398642575  ,  4219.405555769272  ,  44.58576124305576     , 416.74263959559914  , 1321.0628395989165,    0.0              , 12709.805296902125   ,  1575.610835281045   ,  852.6015406972082 , 21.091862151499715   ,   0.0             ,   0.0                ,       0.0, 0.3884277919042838  , 0.09710694797607095 ,  7.026763820101299   , 2.1080291460303897  ,  81.97722866432254   ,       0.0, 0.0                 , 0.0                  , 0.00833564646832305   , 0.0016671292936646103 , 0.0                ,       0.0, 0.0                , 0.0                , 0.37632947441453185 , 0.037632947441453186 , 0.0                , 0.0                , 366575.5737746034 ,          1
 51, 2020-12-27, national,    0.0               ,  49.874081386642494  , 176.33915947087695   ,  912.6661056917903  ,   269.2648262884271  ,  44.257024783008504,   237.52873462523914 , 2621.4190835320173, 2128.3389325086296,     0.0              ,  3202.2664185286544 , 128.50306379520038     , 326.1607788979961   ,    0.0            ,  303.72775016660125 , 11419.369078443275   ,  1380.8379255697066  , 1501.3003217755238 ,  9.306220175736257   , 380.62935660673685,   0.0                ,       0.0, 0.9087623583473462  , 0.22719058958683655 ,  8.924899236634174   , 2.677469770990252   , 159.12504330620808   ,       0.0, 0.025925337842998705, 0.0038888006764498054, 0.0028455839341221365 , 0.0005691167868244273 , 1.6015654303317874 ,       0.0, 0.0                , 0.0                , 0.9047868936120834  , 0.09047868936120834  , 0.0                , 0.0                , 373667.7326572612 ,          1
 52, 2021-01-03, national,    0.0               ,   0.0                , 235.5437479903243    ,    0.0              ,     0.0              ,   0.0              ,   203.58645931832908 , 2363.8958887497583, 2513.9432677852533,  1536.745869129173   ,  3784.5953238258085 ,  27.08984554537748     , 281.62197349392653  , 1827.3614545560856,  179.75749482337048 ,  7727.451512489986   ,   902.9378305580797  , 2078.549322678645  ,  9.653692569994277   , 465.64760651659105,   0.0                ,       0.0, 1.5578367762783767  , 0.3894591940695942  , 12.52532543514027    , 3.7575976305420804  ,   0.0                ,       0.0, 0.0                 , 0.0                  , 0.0                   , 0.0                   , 1.501695078298026  ,       0.0, 0.0                , 0.0                , 0.5954219669569929  , 0.059542196695699295 , 0.0                , 0.0                , 370710.75391614327,          1
 53, 2021-01-10, national,   13.230526001812258 ,   9.873823516443775  , 144.72519983691421   , 1262.0744907902379  ,     0.0              ,  35.85958933249036 ,   212.91176399473824 ,    0.0            , 1671.1046387175365,  1687.3560462906182  ,  2963.667430529929  ,  39.156109887701554    , 293.47681223013393  , 2000.5441128314947,  700.8706463450817  , 11118.222339682965   ,  3286.3432731295534  , 1340.0500754538548 , 20.38481870419603    , 417.2188052075055 ,   0.8289426926933945 ,       0.0, 1.2357127323465087  , 0.3089281830866272  ,  8.640909859772274   , 2.592272957931682   , 202.73293248793314   ,       0.0, 0.0                 , 0.0                  , 0.0032889838710674136 , 0.0006577967742134828 , 0.4092079374619966 ,       0.0, 0.0                , 0.0                , 1.0746418809978298  , 0.10746418809978298  , 0.0                , 0.0                , 376556.97324179317,          1
 54, 2021-01-17, national,    0.0               ,   0.0                ,  56.772128228261295  ,  215.00793299335328 ,     0.0              ,   4.076814076020494,   162.62245328622373 ,    0.0            , 1982.760812426708 ,  1148.6357132445614  ,  1640.7268344262009 ,  24.02200670130539     , 110.24773071836893  ,    0.0            ,  569.5160228434736  , 14644.917021822195   ,  2265.2616188793254  , 2214.0274926573547 , 15.747342675312497   , 448.01295693827853,   0.0                ,       0.0, 0.0                 , 0.0                 ,  4.126300192295916   , 1.2378900576887746  ,  30.175493699303132  ,       0.0, 0.0                 , 0.0                  , 0.0005160315342204023 , 0.00010320630684408047, 1.7565987755681796 ,       0.0, 0.0                , 0.0                , 0.7636207343544239  , 0.07636207343544239  , 0.0                , 0.0                , 358794.01051913627,          1
 55, 2021-01-24, national,    0.0               ,   0.0                ,  75.41793325740046   ,   24.02894804013725 ,  4074.931244216605   ,   0.0              ,    28.4472639394138  , 2824.8966229306566,    0.0            ,  2418.9733697471133  ,  3412.153638775799  ,  29.056786381382985    , 131.82428664195746  , 2334.475585782807 ,  291.68651922052226 , 10475.012175474094   ,  3735.1414013061517  ,    0.0             , 18.205792479430453   ,   0.0             ,   0.0                ,       0.0, 0.0                 , 0.0                 ,  7.528205392430866   , 2.25846161772926    ,   2.7058078932181897 ,       0.0, 0.2522220519577371  , 0.037833307793660564 , 0.0                   , 0.0                   , 1.9329376306617965 ,       0.0, 0.0                , 0.0                , 0.7455928536843943  , 0.07455928536843943  , 0.0                , 0.0                , 355584.0880517479 ,          1
 56, 2021-01-31, national,   29.081081381781058 ,   0.0                ,  12.705878183250578  ,    0.0              ,     0.0              ,   0.0              ,   736.4527983540275  , 2893.7841372936687,    0.0            ,  1471.3620808396945  ,  1410.6259061661465 ,  12.367909740375014    ,  92.13168163925818  , 1625.2844984118549,   43.511076544513   , 10253.93475494574    ,  3646.6181882089413  ,    0.0             , 10.413534456459702   ,   0.0             ,  13.25875253234994   ,       0.0, 0.0                 , 0.0                 ,  2.2093091754403216  , 0.6627927526320965  ,   0.0                ,       0.0, 0.0                 , 0.0                  , 0.003564978754608671  , 0.0007129957509217342 , 1.6005791314541642 ,       0.0, 0.0                , 0.0                , 0.9209925850014412  , 0.09209925850014412  , 0.0                , 0.0                , 335532.2631143261 ,          1
 57, 2021-02-07, national,    0.0               ,   0.0                ,   7.2506954424061005 ,    0.0              ,  6573.502689981913   ,   0.0              ,   294.43413895179975 , 3403.8425979977233,    0.0            ,  1293.0349558300043  ,  1364.4479407502672 ,   3.192071993602482    ,  43.325828841281464 , 1691.1808097460266,    0.0              ,  5817.539319150796   ,  3976.5795416133947  ,    0.0             ,  5.45550980075902    ,   0.0             ,   3.607599850132209  ,       0.0, 1.1576398626417843  , 0.2894099656604461  ,  5.998435039105686   , 1.799530511731706   ,   0.0                ,       0.0, 0.1518592243268478  , 0.022778883649027172 , 0.0                   , 0.0                   , 0.6487754223267743 ,       0.0, 0.0                , 0.0                , 0.24119725230445335 , 0.024119725230445338 , 0.0                , 0.0                , 312364.9783004205 ,          1
 58, 2021-02-14, national,    0.0               ,   0.0                ,   0.0                ,  623.7977799584407  ,  5707.425347252356   ,   0.0              ,  1300.987778968384   , 2337.278800727161 , 2283.1042040170146,  1210.3879147987373  ,   460.66125125736113,   1.9152431961614893   ,   0.0               , 1650.5741711805388,  793.962115302843   ,  5353.380780259197   ,  3925.9467177942556  , 1121.155768968473  ,  0.5181558498905672  , 467.46436555230844,  19.8325594235674    ,       0.0, 1.6219861108354083  , 0.4054965277088521  ,  4.852900085517152   , 1.4558700256551453  ,   2.248816428328107  ,       0.0, 0.011274027946816773, 0.0016911041920225159, 0.0001606017326678608 , 3.212034653357216e-05 , 0.0                ,       0.0, 0.0                , 0.0                , 0.028024916718364025, 0.0028024916718364028, 0.0                , 0.0                , 327667.10147522716,          1
 59, 2021-02-21, national,    0.0               ,   0.0                ,   0.0                ,    0.0              ,  5826.639508572122   ,   0.0              ,  1547.7259478095998  , 2791.7478000928973, 1580.5905330139883,  1288.4983753200345  ,  2359.4713445837688 ,   1.1491459176968934   ,   0.0               , 1638.4692727280324,  615.4832994596248  ,  4103.642262786717   ,  2707.400690580355   , 1960.22766172718   ,  0.0                 , 435.4972561328553 ,   0.9617112041461636 ,       0.0, 1.6833165448794376  , 0.4208291362198594  ,  7.614261570093848   , 2.2842784710281543  ,   0.0                ,       0.0, 0.0                 , 0.0                  , 0.0                   , 0.0                   , 0.0                ,       0.0, 0.0                , 0.0                , 0.0                 , 0.0                  , 0.0                , 0.0                , 316169.5552707056 ,          1
 60, 2021-02-28, national,    0.0               ,   0.0                ,   0.0                ,    0.0              ,  5718.703527375821   ,   0.0              ,  1667.8834864677094  ,    0.0            , 2473.251627587421 ,  2074.608219656116   ,  1077.5992180472858 ,   0.6894875506181359   ,   0.0               , 1833.9502851869538,  269.2648911779239  ,  2840.658010631074   ,  2943.414513034227   ,    0.0             ,  0.0                 ,   0.0             ,  10.113931101282045  ,       0.0, 2.096283602458584   , 0.524070900614646   ,  6.2760908879546555  , 1.8828272663863965  ,   0.0                ,       0.0, 0.0                 , 0.0                  , 0.0                   , 0.0                   , 0.6399760194210414 ,       0.0, 0.0                , 0.0                , 0.0                 , 0.0                  , 0.0                , 0.0                , 287783.0478491656 ,          1
 61, 2021-03-07, national,    0.0               ,   0.0                ,   0.0                ,  286.4882595286028  ,  6193.2922194483535  ,   0.0              ,  1696.5193280450421  ,    0.0            , 2290.5705523494667,  2664.8932767356887  ,  1793.686938384139  ,   0.41369253037088155  ,   0.0               , 1885.1248006012402,  513.4707009974873  ,  4056.580603809347   ,  2975.9041176374744  , 1835.1444113066877 ,  0.0                 , 433.15944247244215,   0.0                ,       0.0, 0.0                 , 0.0                 , 11.860163628539825   , 3.558049088561947   ,   0.0                ,       0.0, 0.0                 , 0.0                  , 0.0                   , 0.0                   , 1.909678502575734  ,       0.0, 0.0                , 0.0                , 0.0                 , 0.0                  , 0.0                , 0.0                , 285735.182243183  ,          1
 62, 2021-03-14, national,    0.0               ,   0.0                ,   0.0                ,    0.0              ,  6728.9196719269885  ,   0.0              ,  1793.4000852043293  , 2437.0200820051364, 2203.82483414799  ,  4242.556172219415   ,  2482.815794232411  ,   0.2482155182225289   ,   0.0               ,    0.0            ,  521.711839166663   ,     0.0              ,  3096.5725578016395  , 1563.468865476821  ,  0.0                 , 402.7099868460622 ,   0.5455725621781646 ,       0.0, 0.0                 , 0.0                 , 12.071839303559566   , 3.6215517910678696  ,   0.0                ,       0.0, 0.0                 , 0.0                  , 0.0                   , 0.0                   , 1.0810335881297584 ,       0.0, 0.0                , 0.0                , 0.0                 , 0.0                  , 0.0                , 0.0                , 284037.20911045454,          1
 63, 2021-03-21, national,    0.0               ,   0.0                ,   0.0                ,  774.6843033678725  ,  7019.088396411435   ,   0.0              ,  1928.5654890985525  , 2683.6398127953653,    0.0            ,  3046.7914671621465  ,   960.0782040954357 ,   0.14892931093351736  ,   0.0               ,    0.0            ,  309.00552252207166 ,     0.0              ,  2505.1078645160164  , 1445.4539552009162 ,  0.0                 , 394.3549267077214 ,   0.0                ,       0.0, 0.07945731696601432 , 0.01986432924150358 , 11.430934513472268   , 3.4292803540416803  ,   0.0                ,       0.0, 0.0                 , 0.0                  , 0.0                   , 0.0                   , 1.386491504708797  ,       0.0, 0.0                , 0.0                , 0.0                 , 0.0                  , 0.0                , 0.0                , 270530.9054319636 ,          1
 64, 2021-03-28, national,    0.0               ,   0.0                ,   0.0                ,  330.8898368730546  ,  4605.246415935163   ,   0.0              ,  2034.8620769179663  , 1835.2474691130628, 2358.714743720336 ,  4367.4816060785215  ,  2123.7828443311237 ,   0.0893575865601104   ,   0.0               , 1923.7892269695778,  705.3851359141657  ,     0.0              ,  2908.756869945815   , 1971.515026121292  ,  0.0                 , 462.8055861812286 ,   0.0                ,       0.0, 2.6398126665756028  , 0.6599531666439007  , 13.137930405206962   , 3.9413791215620884  ,   0.0                ,       0.0, 0.0                 , 0.0                  , 0.0                   , 0.0                   , 1.6894310341508656 ,       0.0, 0.0                , 0.0                , 0.0                 , 0.0                  , 0.0                , 0.0                , 278107.5478101782 ,          1
 65, 2021-04-04, national,    0.0               ,   0.0                ,   0.0                ,  671.1388641597969  , 11125.579383861852   ,   0.0              ,  1642.8891751090862  , 2586.394099265837 , 2136.3269000492087,  3203.460345141463   ,  1215.30564267845   ,   0.05361455193606624  ,   0.0               , 1005.5542154769607,  534.0363578335171  ,  1353.3812465841356  ,  1335.3319467323943  , 1200.7628031592776 ,  0.0                 , 294.63147040857984,   6.5821689918506365 ,       0.0, 2.2030934487085863  , 0.5507733621771466  ,  9.338240958722178   , 2.801472287616653   ,   0.0                ,       0.0, 0.0                 , 0.0                  , 0.0                   , 0.0                   , 0.0                ,       0.0, 0.0                , 0.0                , 0.0                 , 0.0                  , 0.0                , 0.0                , 278457.64114780555,          1
 66, 2021-04-11, national,    0.0               ,   0.0                ,   0.0                , 1199.3364726963284  , 12537.83708105925    ,   0.0              ,  2659.7599554545172  , 2703.652313987768 , 1857.8235863736973,  3427.0246087597793  ,  4005.0333417949437 ,   0.03216873116163974  ,   0.0               , 1884.722295005027 ,  699.0400231907669  ,     0.0              ,  3011.2219034995437  , 1465.828689356007  ,  0.0                 , 421.21033333691815,   0.0                ,       0.0, 0.26773150742898977 , 0.06693287685724744 , 10.023568712165149   , 3.0070706136495446  ,   0.0                ,       0.0, 0.0                 , 0.0                  , 0.0                   , 0.0                   , 0.0                ,       0.0, 0.0                , 0.0                , 0.0                 , 0.0                  , 0.0                , 0.0                , 288112.4947418235 ,          1
 67, 2021-04-18, national,    0.0               ,   0.0                ,   0.0                ,  720.1741981782649  , 15006.490654180461   ,   0.0              ,  3320.714655482984   , 2310.058957108257 , 1663.2140400170008,  2354.0073960587624  ,  2339.4445454691395 ,   0.019301238696983847 ,   0.0               , 1800.538521770828 ,  534.1772476258991  ,     0.0              ,   531.8286404927936  ,    0.0             ,  0.0                 ,   0.0             ,   0.0                ,       0.0, 2.3900782194238164  , 0.5975195548559541  ,  7.739552197770529   , 2.3218656593311584  ,   0.0                ,       0.0, 0.0                 , 0.0                  , 0.0                   , 0.0                   , 0.0                ,       0.0, 0.0                , 0.0                , 0.0                 , 0.0                  , 0.0                , 0.0                , 280536.3786286056 ,          1
 68, 2021-04-25, national,    0.0               ,   2.043045992702102  ,   0.0                ,    0.0              ,  5541.915803908107   ,   0.0              ,  4029.4541794943557  , 2396.6334743511657, 1715.6690974160588,  3612.2600584931984  ,  3208.3621679377075 ,   0.011580743218190307 ,   0.0               , 1877.8506032863988,    0.0              ,   531.7775067456857  ,  1590.796838631489   , 1594.9617826719573 ,  0.0                 ,   0.0             ,   0.0                ,       0.0, 0.03400216924018706 , 0.008500542310046766, 10.438201210499097   , 3.131460363149729   ,   0.0                ,       0.0, 0.0                 , 0.0                  , 0.0                   , 0.0                   , 0.8990346486703639 ,       0.0, 0.0                , 0.0                , 0.0                 , 0.0                  , 0.0                , 0.0                , 277876.0523683125 ,          1
 69, 2021-05-02, national,    0.0               ,   5.9345443611406745 ,   0.0                , 1310.1463972533381  ,  8202.289430688119   ,   0.0              ,  2609.3265163432393  ,    0.0            , 2183.9017049696627,  3564.6383895682757  ,  1344.0372357554334 ,   0.0069484459309141836,   0.0               , 2339.538440520443 ,  357.91955351870445 ,  2604.0833186134773  ,   612.7654412805923  , 1593.7909148668534 ,  0.0                 ,   0.0             ,   3.163343914528369  ,       0.0, 0.0                 , 0.0                 , 14.276399606982931   , 4.2829198820948795  ,   0.0                ,       0.0, 0.0                 , 0.0                  , 0.0                   , 0.0                   , 0.7808580666776824 ,       0.0, 0.0                , 0.0                , 0.0                 , 0.0                  , 0.0                , 0.0                , 276042.95997128834,          1
 70, 2021-05-09, national,   43.836001674637345 ,  21.21618360031368   ,   0.0                ,    0.0              , 15635.565304356836   ,  61.96374197443535 ,  2578.6030420150505  , 2198.377706341408 ,    0.0            ,  4813.082035849743   ,  2223.1184709150593 ,   3.8996414412098184   ,   0.0               ,    0.0            ,    0.0              ,     0.0              ,  1819.8231200192458  , 1137.344529336069  ,  0.0                 , 325.6029718335469 ,  18.76406301267214   ,       0.0, 0.0                 , 0.0                 ,  6.440369762623867   , 1.9321109287871598  ,   0.0                ,       0.0, 0.0                 , 0.0                  , 0.0                   , 0.0                   , 1.1789542985360424 ,       0.0, 0.0                , 0.0                , 0.0                 , 0.0                  , 0.0                , 0.0                , 307896.46869358036,          1
 71, 2021-05-16, national,    0.0               ,   0.0                ,   6.341681809537727  ,    0.0              , 18794.385101996013   ,  89.4564107626211  ,  3909.1308388906946  , 2916.7800650821773, 1957.2972299879723,  4908.595483439234   ,  6934.318867115773  ,  20.14517368171263     ,   6.0780301453626375,    0.0            ,    0.0              ,  1893.3428153519021  ,  2412.0374170769337  , 1316.0252002418304 ,  0.0                 , 331.64434874539154,   0.0                ,       0.0, 0.0                 , 0.0                 ,  2.183252146402235   , 0.6549756439206705  ,   0.0                ,       0.0, 0.0                 , 0.0                  , 0.0                   , 0.0                   , 0.9901535735201628 ,       0.0, 0.0                , 0.0                , 0.0                 , 0.0                  , 0.0                , 0.0                , 328661.56587696297,          1
 72, 2021-05-23, national,   39.6855252004799   ,  14.389358694896488  ,  40.17247823673729   , 1707.1602058606043  , 10777.867908055905   , 161.55541619703826 ,  4925.310099353842   , 2770.518852633822 , 2288.849371395583 ,  3896.8798029639092  ,  2750.803899323254  ,  31.314878667944004    ,  57.41030231162541  ,    0.0            ,  497.2318795835263  ,   121.305139159983   ,  2978.800107330563   , 1037.4822064681528 ,  2.6189607025638653  , 473.5692994315803 ,   3.7973547052817382 ,       0.0, 0.0                 , 0.0                 ,  5.823285675152662   , 1.7469857025457987  ,  47.60619348610884   ,       0.0, 0.1627316687104404  , 0.024409750306566058 , 0.002632163957095152  , 0.0005264327914190304 , 0.5841572528026729 ,       0.0, 0.0                , 0.0                , 0.0                 , 0.0                  , 0.0                , 0.0                , 376804.4997067186 ,          1
 73, 2021-05-30, national,   36.059810782919364 ,   9.976039433802105  ,  61.9541647522545    ,  576.0729469703775  , 18391.770583190693   , 169.0547176438543  ,  4019.9489751524197  , 2719.0509654333932,    0.0            ,  4455.631724837163   ,   392.42086335753453,  27.853991814319784    , 118.0139905628383   , 1769.3624645180664,   22.484333588180892,  4754.937314219506   ,   898.5783420779501  , 1658.9486983199304 ,  2.830681206427631   , 278.39511508167027,   2.647018357420033  ,       0.0, 0.0                 , 0.0                 ,  5.928456126540134   , 1.77853683796204    ,  33.436314287895904  ,       0.0, 0.5775721893244476  , 0.08663582839866714  , 0.004832040660086627  , 0.0009664081320173254 , 1.0427860285625885 ,       0.0, 0.0                , 0.0                , 0.0                 , 0.0                  , 0.0                , 0.0                , 396843.09639176645,          1
 74, 2021-06-06, national,    0.0               ,   0.0                , 162.23570871982258   ,  419.71668916204385 , 14804.784315132236   ,  84.45082051660525 ,  4977.347041119513   ,    0.0            , 2579.2793810877974,  2698.0185496636363  ,  1706.7591124955443 ,  43.317151286784814    ,  56.69844262273561  , 1960.7599188844943,    9.694563755903685,     0.0              ,  2042.0099203665902  , 1438.4940203598258 ,  7.867742237108771   , 395.3570103602439 ,   0.0                ,       0.0, 0.0                 , 0.0                 , 12.142165674218598   , 3.642649702265579   ,  35.35718248342912   ,       0.0, 0.6743166122144526  , 0.10114749183216788  , 0.003194542067217424  , 0.0006389084134434848 , 1.19154843031126   ,       0.0, 0.0                , 0.0                , 0.40678186679008016 , 0.04067818667900802  , 0.0                , 0.0                , 395078.93627013563,          1
 75, 2021-06-13, national,    0.0               ,  16.37631939159304   , 137.4385797954087    ,    0.0              , 10479.67903938974    ,  43.4230740074896  ,  4738.86390763543    , 3134.8371895892906, 2018.6751868169113,  3329.640646816355   ,  2553.309142217991  ,  32.80434474350942     , 244.14841136946248  , 2004.1877609976527,    0.0              ,  5777.821982477598   ,  2472.6992790801946  ,    0.0             , 12.775970869888978   , 399.572591615717  ,   0.0                ,       0.0, 0.0                 , 0.0                 ,  8.882925902482146   , 2.664877770744644   ,   0.0                ,       0.0, 0.5949728193636042  , 0.08924592290454063  , 0.0019907392728465275 , 0.0003981478545693055 , 0.6170268666370982 ,       0.0, 0.0                , 0.0                , 0.2411908039523498  , 0.02411908039523498  , 0.0                , 0.0                , 402902.2962886044 ,          1
 76, 2021-06-20, national,   31.631435267779718 ,   0.0                , 146.244682856118     ,  477.3972344338836  , 18017.31731799315    , 106.55631152657581 ,  3971.246506835509   , 2433.0181979791096, 2442.872722698189 ,  4025.7819067302926  ,  3119.3400087103805 ,   3.377041343976586    , 147.46617305146145  , 1869.9857882474114,   82.72522764538894 ,  7925.928678707686   ,  1408.0095329556887  ,  495.2244277981348 , 13.985705842623485   ,   0.0             ,   1.7844528220382043 ,       0.0, 0.0                 , 0.0                 ,  8.772373324008017   , 2.631711997202405   ,  57.0370824011449    ,       0.0, 1.1623166098110573  , 0.1743474914716586   , 0.00572249995861393   , 0.0011444999917227861 , 0.0                ,       0.0, 0.0                , 0.0                , 0.0                 , 0.0                  , 0.0                , 0.0                , 403392.3407863064 ,          1
 77, 2021-06-27, national,    0.0               ,   0.0                ,  96.23878002229854   ,    0.0              , 10300.962946541591   ,  98.19755800127442 ,  5006.465475065734   , 3119.8988475027563, 1820.7141733129104,  4361.580579544038   ,  5211.021259223188  ,   8.610556191415332    , 221.96160716246308  , 2011.2936001836526,  517.3521783223184  ,  4691.954223225125   ,  1935.0435912181592  , 1861.49493154521   , 18.287181357999046   ,   0.0             ,   0.0                ,       0.0, 0.0                 , 0.0                 ,  5.694778267991967   , 1.70843348039759    ,   0.0                ,       0.0, 0.7045418888936714  , 0.1056812833340507   , 0.006126202733329408  , 0.0012252405466658817 , 1.323465681608985  ,       0.0, 0.0                , 0.0                , 0.0                 , 0.0                  , 0.0                , 0.0                , 404812.54770611017,          1
 78, 2021-07-04, national,    0.0               ,  36.719926908038104  ,  91.49981188873232   ,    0.0              ,  5410.58985107587    ,  43.48911398103164 ,  3863.565544944966   , 2138.7983326892154,    0.0            ,  4315.598228420735   ,  1435.2090611854137 ,   3.5084195986545965   ,  97.86743046831252  , 2068.6370910423334,    0.0              ,  3028.869324782283   ,  2160.788575905388   , 1141.0291253491478 , 20.62409736779968    , 410.6689814678172 ,   0.0                ,       0.0, 0.0                 , 0.0                 ,  5.663740294847274   , 1.6991220884541822  ,   0.0                ,       0.0, 0.36949491182015    , 0.055424236773022495 , 0.0031897171174004066 , 0.0006379434234800814 , 0.7866488651008952 ,       0.0, 1.0334246613898899 , 0.3616986314864614 , 0.0                 , 0.0                  , 0.0                , 0.0                , 398935.60239483573,          1
 79, 2021-07-11, national,    0.0               ,  58.44710621390028   ,  78.44169995522668   ,    0.0              , 10811.56746705143    ,  99.03019623092506 ,  2520.97444016567    ,    0.0            ,    0.0            ,  3609.5383124929904  ,  2194.8784310276314 ,   7.069811953201736    , 190.33148079690258  , 2102.1482576591407,  239.90765566319635 ,  7557.070040837713   ,  1002.3072523645792  ,    0.0             , 27.926798548896468   , 393.82758323920916,   0.0                ,       0.0, 0.0                 , 0.0                 ,  5.412642163597848   , 1.6237926490793544  ,   0.0                ,       0.0, 0.6950657189351401  , 0.10425985784027102  , 0.008888889801339506  , 0.0017777779602679011 , 0.0                ,       0.0, 1.5399042329559278 , 0.5389664815345747 , 0.013041149830639559, 0.001304114983063956 , 0.0                , 0.0                , 391511.4729949383 ,          1
 80, 2021-07-18, national,   61.95757879962622  ,   6.955998537688558  ,  12.635766399890715  , 1277.618251909407   , 14807.043240943882   ,  20.346030638414348,  2951.293990557723   , 1936.9352202010418,    0.0            ,  2525.7143016778455  ,   363.2159592837529 ,   1.2630310555156545   ,   4.065093346809876 ,    0.0            ,  410.63211190728737 ,     0.0              ,  2152.233423808471   , 1563.7517147678277 , 24.782651399784765   , 374.38071088771903,   6.3187953407286095 ,       0.0, 0.0                 , 0.0                 ,  1.051584551133793   , 0.31547536534013787 , 134.50131188317187   ,       0.0, 0.8395681816173655  , 0.1259352272426048   , 0.00248070426412607   , 0.000496140852825214  , 0.0                ,       0.0, 1.9649647473482004 , 0.6877376615718701 , 0.3496425405641084  , 0.03496425405641084  , 0.0                , 0.0                , 385332.30454570346,          1
 81, 2021-07-25, national,   28.426307454738115 ,   0.0                ,   0.0                , 1050.377834532283   , 11392.987941637548   ,   0.0              ,  3881.860345061085   , 2336.5587005829548, 2262.816643613871 ,  1709.3366412241526  ,   225.7385353939089 ,  16.47095537712373     ,  86.20457224478014  , 1775.885440432491 ,    0.0              ,   419.70683788923424 ,  2454.910530382354   , 1636.4671026047963 , 11.012314479282843   , 371.15521750863377,   4.651977862996761  ,       0.0, 0.0                 , 0.0                 ,  0.0                 , 0.0                 ,  89.82822690308835   ,       0.0, 0.524454023458678   , 0.0786681035188017   , 0.0                   , 0.0                   , 0.0                ,       0.0, 1.0634793571353784 , 0.37221777499738246, 0.012189756592202167, 0.0012189756592202168, 0.0                , 0.0                , 382169.323658194  ,          1
 82, 2021-08-01, national,   24.497907812621914 ,   0.0                ,   0.0                ,  152.56195761523327 , 14661.787063477585   ,   0.0              ,  3595.5417691506427  , 2689.8451856095226, 2536.6312217399186,  1944.751269060248   ,   315.39677976297776,  12.277133488007546    ,  36.991382689998865 , 1573.7081861409213,    0.0              ,     0.0              ,  2643.49840130919    , 1991.424100936787  , 15.79680413136145    , 424.77617765363067,  11.545072085567867  ,       0.0, 0.0                 , 0.0                 ,  0.0                 , 0.0                 ,   9.346654723340782  ,       0.0, 0.48321999773617497 , 0.07248299966042625  , 0.003500824500235269  , 0.0007001649000470539 , 0.0                ,       0.0, 0.0                , 0.0                , 0.18756419085683435 , 0.018756419085683436 , 0.0                , 0.0                , 365043.6446648556 ,          1
 83, 2021-08-08, national,    0.0               ,   0.0                ,   6.756568314458774  ,  547.5355155081774  , 13838.156512053825   ,   0.0              ,  4074.70595692283    ,    0.0            , 2268.7091595438737,  3876.4211390282803  ,  2480.8109776453502 ,   8.006895741400523    ,  32.7377819364746   , 1494.5376772507739,   26.86429148875685 ,     0.0              ,  2298.7664384986924  ,    0.0             ,  4.660315819092662   , 377.8439765541946 ,   3.9682610383770043 ,       0.0, 0.0                 , 0.0                 ,  4.8701622147667685  , 1.4610486644300305  ,  18.604649950456842  ,       0.0, 0.2528052685294821  , 0.037920790279422315 , 0.0007288348011451465 , 0.0001457669602290293 , 0.8478343775819879 ,       0.0, 0.0                , 0.0                , 0.012602245864347267, 0.0012602245864347268, 0.0                , 0.0                , 351156.04681705864,          1
 84, 2021-08-15, national,    0.0               ,   0.0                ,   0.0                ,    0.0              , 19238.383226593192   ,   0.0              ,  4120.701544797306   , 2548.8719575646433, 1595.579934195468 ,  3183.5343733638397  ,  2898.758222821325  ,   4.804137444840314    ,   0.0               , 1826.701617522987 ,  332.34062943336926 ,     0.0              ,  1497.1783362994731  ,    0.0             ,  1.2230829662118279  , 425.9738657727663 ,   6.220394917576026  ,       0.0, 0.0                 , 0.0                 ,  6.613298567911102   , 1.9839895703733303  ,   0.0                ,       0.0, 0.05454074578231108 , 0.008181111867346661 , 0.0003162860929988867 , 6.325721859977734e-05 , 0.9361663485713844 ,       0.0, 2.001908157554521  , 0.7006678551440823 , 0.0                 , 0.0                  , 0.43604531590785855, 0.19622039215853634, 338775.26457167976,          1
 85, 2021-08-22, national,    0.0               ,   0.0                ,   0.0                ,    0.0              ,  4846.888133623983   ,   0.0              ,  5111.172445156168   , 2489.192005541699 ,    0.0            ,  2103.9410371049553  ,  3177.276133415508  ,   2.8824824669041886   ,   0.0               , 1621.6039262323386,  970.9076050855108  ,     0.0              ,    21.299929822218765, 1382.4571217995465 ,  0.0                 ,   0.0             ,   8.290779312807041  ,       0.0, 0.0                 , 0.0                 ,  9.541935342302876   , 2.862580602690863   ,   0.0                ,       0.0, 0.0                 , 0.0                  , 0.0                   , 0.0                   , 0.6923651891957592 ,       0.0, 0.3438840600580113 , 0.12035942102030395, 0.0                 , 0.0                  , 1.3497108917439142 , 0.6073699012847614 , 318784.98465635045,          1
 86, 2021-08-29, national,    0.0               ,   0.0                ,   0.0                ,    0.0              , 10028.476835776262   ,   0.0              ,  2916.9028383724485  , 2487.712239693191 ,    0.0            ,  1455.195335051202   ,  1944.1512432700401 ,   1.7294894801425131   ,   0.0               , 1604.7375831177887,  566.5337226064916  ,  2015.2193824178792  ,  1287.4102553175755  , 1014.9222354490178 ,  0.0                 , 348.299929293076  ,   9.706719374456952  ,       0.0, 0.0                 , 0.0                 ,  8.080103876394215   , 2.4240311629182645  ,   0.0                ,       0.0, 0.0                 , 0.0                  , 0.0                   , 0.0                   , 1.6698997994692788 ,       0.0, 1.6195837672810232 , 0.5668543185483581 , 0.0                 , 0.0                  , 0.67297931981176   , 0.302840693915292  , 305883.4254230529 ,          1
 87, 2021-09-05, national,    0.0               ,   0.0                ,   0.0                ,  820.6623264941273  , 17998.712184235363   ,   0.0              ,  2971.884864478889   ,    0.0            , 1596.707855392355 ,  1873.7019450771159  ,  3737.1854984340575 ,   1.0376936880855079   ,   0.0               , 1753.9942806828517, 1541.4602628648943  ,  7428.623783180208   ,  1932.9553284089434  , 2106.548391461306  ,  0.0                 , 465.25520951845544,   2.5580685078428678 ,       0.0, 0.0                 , 0.0                 ,  9.227437169492081   , 2.7682311508476243  ,   0.0                ,       0.0, 0.0                 , 0.0                  , 0.0                   , 0.0                   , 1.09505536642739   ,       0.0, 1.0813258834153123 , 0.3784640591953593 , 0.0                 , 0.0                  , 0.0                , 0.0                , 312489.36658451904,          1
 88, 2021-09-12, national,    0.0               ,   0.0                ,   0.0                ,    0.0              , 12221.908691796742   ,   0.0              ,  4428.521403495485   ,    0.0            , 1577.5978595899712,  2311.0126115805265  ,  3073.9808868739215 ,   0.6226162128513048   ,   0.0               ,    0.0            , 1055.6443677413793  ,  2744.583329648359   ,   766.3397014025567  , 1221.446715289815  ,  0.0                 , 456.7862153709529 ,   6.481550335607605  ,       0.0, 0.0                 , 0.0                 , 12.53015425674162    , 3.7590462770224855  ,   0.0                ,       0.0, 0.0                 , 0.0                  , 0.0                   , 0.0                   , 0.0                ,       0.0, 0.0                , 0.0                , 0.0                 , 0.0                  , 0.0                , 0.0                , 299919.4350180644 ,          1
 89, 2021-09-19, national,    0.0               ,   0.0                ,   0.0                ,  112.1213720162637  , 11221.568640012218   ,   0.0              ,  3971.351868511155   , 1789.2008210931544, 2149.227477489523 ,  3053.0815903637126  ,  3348.0427730993183 ,   0.37356972771078284  ,   0.0               , 1761.0669701135755, 1474.2752125830484  ,  4603.242259705032   ,   273.0590150636991  , 1905.6404200675745 ,  0.0                 , 465.89046362866407,   2.5090051669526803 ,       0.0, 0.0                 , 0.0                 , 11.717959283777828   , 3.5153877851333486  ,   0.0                ,       0.0, 0.0                 , 0.0                  , 0.0                   , 0.0                   , 0.0                ,       0.0, 0.0                , 0.0                , 0.0                 , 0.0                  , 0.0                , 0.0                , 303988.8900078117 ,          1
 90, 2021-09-26, national,    0.0               ,   0.0                ,   0.0                ,    0.0              , 10566.792458653534   ,   0.0              ,  3608.4230125130025  , 2624.464230112396 , 1974.9447785307812,  2020.514491320576   ,  2408.132364982481  ,   0.2241418366264697   ,   0.0               , 1332.9303877943637, 2511.2001580265783  ,  3164.2830847167174  ,     0.0              , 1417.402353355334  ,  0.0                 ,   0.0             ,  20.702492201337822  ,       0.0, 0.0                 , 0.0                 ,  8.304622722436719   , 2.4913868167310156  ,   0.0                ,       0.0, 0.0                 , 0.0                  , 0.0                   , 0.0                   , 0.0                ,       0.0, 0.0                , 0.0                , 0.0                 , 0.0                  , 0.0                , 0.0                , 298593.3027360129 ,          1
 91, 2021-10-03, national,    0.0               ,   0.0                ,   0.0                , 1512.22103142009    ,  6114.969876043885   ,   0.0              ,  3345.391816030057   , 2347.3432399569574, 1820.2733188787925,  1962.8550852981086  ,  2745.4743859994596 ,   0.13448510197588182  ,   0.0               , 2027.2394887471048, 1852.5814801119348  ,     0.0              ,  2266.109645842039   ,    0.0             ,  0.0                 ,   0.0             ,   0.0                ,       0.0, 0.0                 , 0.0                 ,  9.301603017792724   , 2.7904809053378172  ,   0.0                ,       0.0, 0.0                 , 0.0                  , 0.0                   , 0.0                   , 0.0                ,       0.0, 0.0                , 0.0                , 0.0                 , 0.0                  , 0.0                , 0.0                , 297315.5271971942 ,          1
 92, 2021-10-10, national,    0.0               ,   0.0                ,   0.0                , 2758.1071015015846  ,  8195.172777177682   ,   0.0              ,  2438.851293063449   , 2853.768367549653 , 2371.924816435726 ,  2633.571063723517   ,  3588.1115349317492 ,   0.08069106118552909  ,   0.0               ,    0.0            , 2405.7486754787647  ,   761.5837318039707  ,     0.0              ,    0.0             ,  0.0                 , 359.81524583249404,   0.245093498623063  ,       0.0, 0.0                 , 0.0                 , 10.876648995313795   , 3.2629946985941385  ,   0.0                ,       0.0, 0.0                 , 0.0                  , 0.0                   , 0.0                   , 0.0                ,       0.0, 0.0                , 0.0                , 0.0                 , 0.0                  , 0.6262765573083935 , 0.2818244507887771 , 298921.15313936415,          1
 93, 2021-10-17, national,    0.0               ,   0.0                ,   0.0                , 3345.0091821752094  ,  9961.228093087751   ,   0.0              ,  2450.671613254597   , 2352.1429420589816, 2107.692910602839 ,  2046.2831917368446  ,   384.56363343228054,   0.048414636711317446 ,   0.0               , 1922.1063888869178, 2773.2163864177496  ,     0.0              ,     0.0              ,    0.0             ,  0.0                 , 487.8926963268091 ,  33.7477516097884    ,       0.0, 0.0                 , 0.0                 , 11.060120679715357   , 3.318036203914607   ,   0.0                ,       0.0, 0.0                 , 0.0                  , 0.0                   , 0.0                   , 0.0                ,       0.0, 0.0                , 0.0                , 0.0                 , 0.0                  , 1.2940650042224684 , 0.5823292519001108 , 291739.5427716935 ,          1
 94, 2021-10-24, national,    0.0               ,   1.2934473814099354 ,   0.0                , 2951.9845467712844  , 12949.51166498801    ,   0.0              ,  2773.289700705666   , 2906.439564596655 , 2364.15122615199  ,  2304.080926921015   ,   350.5985946877773 ,   0.029048782026790468 ,   0.0               , 1825.138637253235 , 2455.457675697504   ,     0.0              ,  2381.529562164091   ,    0.0             ,  0.0                 , 390.5903510112492 ,  40.25377547823376   ,       0.0, 0.0                 , 0.0                 , 13.194084125678712   , 3.9582252377036133  ,   0.0                ,       0.0, 0.0                 , 0.0                  , 0.0                   , 0.0                   , 0.8456598356612747 ,       0.0, 1.3847123896378535 , 0.4846493363732487 , 0.0                 , 0.0                  , 0.4821588297175968 , 0.21697147337291858, 292172.56424830656,          1
 95, 2021-10-31, national,    0.0               ,  24.376283472643852  ,   0.0                ,  552.0597084016849  , 15205.668329755947   ,   5.836703131842847,  3440.227979506919   , 3038.037363330328 ,    0.0            ,  2251.6734403708247  ,   395.83190061470594,   0.01742926921607428  ,   0.0               , 1528.9927326135098, 1719.7052538236883  ,  7761.299943822779   ,  2098.889943197522   ,    0.0             ,  0.0                 , 387.7018817115462 ,  45.4972377772957    ,       0.0, 0.0                 , 0.0                 ,  7.655311930673889   , 2.296593579202167   ,   0.0                ,       0.0, 0.0                 , 0.0                  , 0.0                   , 0.0                   , 0.7467266076855033 ,       0.0, 1.4011109273038234 , 0.49038882455633814, 0.0                 , 0.0                  , 2.158716707173757  , 0.9714225182281907 , 296171.9426243436 ,          1
 96, 2021-11-07, national,   74.78409581454638  ,  99.47761704274033   ,   0.0                , 2405.3658286337804  , 20116.82520289928    ,   0.0              ,  4150.645497123745   , 2984.373515718896 , 1532.2665401000108,  1929.1846351437455  ,   422.55790767923355,   0.45406949531024143  ,   0.0               , 2072.733311937692 , 1615.4834341054402  ,  3002.5146607784304  ,  4703.075120915421   ,    0.0             ,  0.0                 , 431.1514588045692 ,  46.952262138358755  ,       0.0, 0.0                 , 0.0                 ,  9.377103771139787   , 2.813131131341936   ,   0.0                ,       0.0, 0.0                 , 0.0                  , 0.0                   , 0.0                   , 0.11237925936435533,       0.0, 0.0                , 0.0                , 0.0                 , 0.0                  , 1.605093305365719  , 0.7222919874145736 , 318622.04219649336,          1
 97, 2021-11-14, national,  282.38508845508494  ,  75.19161635705757   ,  13.041017734028479  ,  232.5248824634418  , 17319.731140509608   ,   0.0              ,  5395.222822395732   ,    0.0            , 1836.0940973999022,  3174.0370320048837  ,   425.20725451464364,   4.787844150266466    ,   0.0               ,    0.0            , 1435.740809500473   ,  2873.518879356517   ,  2705.9277639510215  , 1115.068336886466  ,  0.0                 ,   0.0             ,  54.94420138666884   ,       0.0, 0.0                 , 0.0                 ,  5.933978666136769   , 1.7801935998410305  ,   0.0                ,       0.0, 0.0                 , 0.0                  , 0.0                   , 0.0                   , 0.0                ,       0.0, 0.2603004229303837 , 0.09110514802563428, 0.0                 , 0.0                  , 0.0                , 0.0                , 343104.91940613015,          1
 98, 2021-11-21, national,  312.8182890226774   , 121.14396396529492   ,  60.52514504679382   , 2738.969785925184   , 16677.634036273565   ,   0.0              ,  5375.73187481672    , 2263.791486903939 , 1875.0377730958724,  1785.7448868168642  ,  6089.228209552008  ,  56.017050631741085    ,   2.221610881770556 , 1538.384124369941 , 1332.4427872401006  ,  9946.847110015218   ,  1789.31267375419    ,  445.1655893796799 ,  1.7819268350819997  , 388.65415296758357,  37.49222072774943   ,       0.0, 0.0                 , 0.0                 , 10.635725719467139   , 3.1907177158401416  ,  53.44228122012942   ,       0.0, 0.17366440226674956 , 0.026049660340012434 , 0.0                   , 0.0                   , 0.0                ,       0.0, 1.9117476885653766 , 0.6691116909978818 , 0.11380999988765804 , 0.011380999988765805 , 0.0                , 0.0                , 407025.52603806736,          1
 99, 2021-11-28, national,  430.3332128099279   , 109.1494472556405    , 121.99958657679332   , 1348.7249432743952  , 22866.043518969178   ,   0.0              ,  5315.461153825122   , 2455.615783664206 , 2314.415585434925 ,  1383.000459355022   ,  3060.874793637978  ,  71.73124101140522     ,  50.61814042133294  , 1435.0012459773825, 1989.8992559016028  , 10984.772088299407   ,  2542.050857164387   ,    0.0             ,  1.1273724693305134  , 498.5648619211372 ,  39.02832786140037   ,       0.0, 0.0                 , 0.0                 , 13.829359947699562   , 4.148807984309868   ,  58.41662054400554   ,       0.0, 0.5283207008982198  , 0.07924810513473297  , 0.0                   , 0.0                   , 0.0                ,       0.0, 0.0                , 0.0                , 0.213491572461915   , 0.021349157246191502 , 0.0                , 0.0                , 431907.59996314126,          1
100, 2021-12-05, national,  451.62151523371944  ,  63.96860570456148   ,  54.380759636601624  ,    0.0              , 10686.707558852073   ,   0.0              ,  6433.715403862563   , 2476.036023022817 , 2387.423913849272 ,     0.0              ,  3778.905256509873  , 137.68908175042        ,   0.0               , 2133.87626401733  , 1486.0289324199996  , 14082.465072157844   ,  2036.0363525591101  , 2035.2578715798868 ,  2.321282231822635   , 360.20942315204934,  34.631479538561315  ,       0.0, 0.0                 , 0.0                 ,  4.764063270360697   , 1.429218981108209   ,   0.0                ,       0.0, 0.36605005933861756 , 0.054907508900792636 , 0.0                   , 0.0                   , 0.0                ,       0.0, 0.0                , 0.0                , 0.7793767848977896  , 0.07793767848977896  , 0.0                , 0.0                , 439684.10142924846,          1
101, 2021-12-12, national,  489.79030286449057  , 150.1213978333734    , 129.17549744653314   , 2204.7904089258495  , 23353.80690153858    ,  66.01287352007175 ,  4462.064338716409   , 3139.118350305785 ,    0.0            ,   806.8065615041984  ,   499.145174606015  , 139.77703437834742     , 138.05078168589856  ,    0.0            , 1027.7619732786534  , 10824.43499459891    ,     0.0              , 1555.4707890969473 ,  0.0                 ,   0.0             ,  34.29682608653184   ,       0.0, 0.0                 , 0.0                 ,  9.693248148386115   , 2.907974444515834   , 178.89253776145574   ,       0.0, 1.0099862407010387  , 0.1514979361051558   , 0.002980449533556897  , 0.0005960899067113794 , 0.0                ,       0.0, 0.0                , 0.0                , 0.5908115087515865  , 0.05908115087515865  , 0.9807877921057764 , 0.4413545064475994 , 452023.87616213947,          1
102, 2021-12-19, national,  705.2752639490164   ,  68.11966012928502   ,  30.35756218571014   , 3112.9017762344047  , 13479.99783550865    , 210.52915362903596 ,  6124.944234092645   , 3251.6785247347857,    0.0            ,     0.0              ,  4342.534479539091  , 170.57906034468692     ,   0.0               , 1994.8704224309317, 1026.301693373862   , 10815.78891297673    ,   912.4894610629057  ,    0.0             ,  0.0                 , 341.27068977472356,  48.02416755973593   ,       0.0, 0.0                 , 0.0                 ,  2.1003571917599344  , 0.6301071575279803  , 289.8641604475051    ,       0.0, 0.6687687632100211  , 0.10031531448150316  , 0.011154824034541135  , 0.002230964806908227  , 0.0                ,       0.0, 0.0                , 0.0                , 0.6013645317336707  , 0.06013645317336707  , 1.1183065966667547 , 0.5032379685000397 , 457915.48493801185,          1
103, 2021-12-26, national,  777.9542443117398   ,  41.83736967625177   ,  43.973662095593895  , 4508.380150710227   ,  6660.684398076572   , 103.31937878656466 ,  5194.8815968533145  , 2585.2204225421983, 2593.1759474636265,     0.0              ,  4859.805943284487  ,  97.44782299244783     ,  64.95296410455059  , 2257.6286589020865, 1799.5552614720152  , 16859.946717369137   ,  2883.7286735864745  , 1974.0764824348892 ,  0.0                 , 301.08050118329527,  54.618874492559314  ,       0.0, 0.0                 , 0.0                 ,  2.9834046008070176  , 0.8950213802421053  , 448.8990314159999    ,       0.0, 0.35320852242623507 , 0.05298127836393526  , 0.006358959286291311  , 0.0012717918572582622 , 0.0                ,       0.0, 0.0                , 0.0                , 0.8920870864107133  , 0.08920870864107133  , 1.6839176385780923 , 0.7577629373601416 , 467801.97812094644,          1
104, 2022-01-02, national,  913.0284621920409   ,  68.6975849840866    , 161.6760010405089    , 3572.379894972583   , 12551.79559684085    , 249.0206967405003  ,  3397.859922318825   ,    0.0            , 2851.911131562617 ,   246.83329492181605 ,  7196.146727228276  , 141.15221102706994     , 145.9402708839808   ,    0.0            , 1965.1099924811638  , 11640.99989724699    ,  4428.518411007325   , 1026.919821894884  ,  0.0                 , 370.7391352961927 ,  70.59188128736093   ,       0.0, 0.0                 , 0.0                 , 11.431578460411032   , 3.4294735381233097  , 357.81695601920586   ,       0.0, 0.6693038142145876  , 0.10039557213218814  , 0.01809431415619352   , 0.003618862831238704  , 0.0                ,       0.0, 0.0                , 0.0                , 0.8326134398877418  , 0.08326134398877419  , 1.7425505432181922 , 0.7841477444481866 , 477174.7274600386 ,          1
105, 2022-01-09, national,  673.4019881529697   ,   7.962071196248253  ,  69.06985398820169   , 2580.6786041674463  ,  7919.265217367367   , 126.27122878050439 ,  3703.763612206753   , 2814.782045399387 ,    0.0            ,     0.0              ,  4717.434320341013  , 125.24196669398893     , 147.01684634637     , 1739.7645595646384, 1626.0733871481084  ,  4511.143742318814   ,  2499.4276464205186  , 1235.7191069222376 ,  0.0                 ,   0.0             ,  61.626504324102825  ,       0.0, 0.0                 , 0.0                 ,  5.42026803582591    , 1.626080410747773   , 244.80133006956208   ,       0.0, 0.39977135417908055 , 0.05996570312686208  , 0.0111922520705608    , 0.0022384504141121603 , 0.0                ,       0.0, 0.0                , 0.0                , 0.9346398071710161  , 0.09346398071710162  , 2.4457050917933687 , 1.100567291307016  , 469341.7980176303 ,          1
106, 2022-01-16, national,  347.17757566153097  ,  12.314732109664812  ,  40.67550430851779   , 3311.826469833794   ,  4087.5244682148705  ,  71.88878631537011 ,  2928.571608428998   , 2424.3575021948304, 2380.43040823811  ,   818.216791808474   ,  8452.91648910787   ,  97.0329985350221      , 232.44957616303185  , 2196.8230636236276, 1576.4003402579751  ,     0.0              ,  4033.0030713769966  , 2064.17040055067   ,  0.604752652828201   ,   0.0             ,  41.730658727996456  ,       0.0, 0.0                 , 0.0                 ,  3.828459056301921   , 1.1485377168905762  , 278.8850610042802    ,       0.0, 0.18310511003676896 , 0.027465766505515344 , 0.008580009811872475  , 0.0017160019623744952 , 0.0                ,       0.0, 0.0                , 0.0                , 0.7326977286896902  , 0.07326977286896902  , 0.7542831624638263 , 0.33942742310872187, 472334.43196891213,          1
107, 2022-01-23, national,  206.69099475533187  ,   0.0                ,  24.2093469328116    , 3426.9803219282667  , 16405.319604052936   ,  34.242954977901164,  1956.4288898140842  , 2486.9396401133095, 2410.330049363977 ,     0.0              , 10417.890956345524  ,  56.43292638848992     ,  32.659462386240236 , 1196.914479498254 , 1349.6166940293708  , 10254.498397831992   ,  3373.706144794855   , 1993.8357136883526 ,  0.0                 ,   0.0             ,  39.235617793904744  ,       0.0, 0.0                 , 0.0                 ,  3.0581407121685924  , 0.9174422136505777  , 236.13234345614373   ,       0.0, 0.6011033193475618  , 0.09016549790213427  , 0.0077044450098538815 , 0.0015408890019707763 , 0.0                ,       0.0, 0.0                , 0.0                , 0.48595758900600083 , 0.04859575890060008  , 0.0                , 0.0                , 461168.9555984311 ,          1
108, 2022-01-30, national,   99.31640239076809  ,   0.0                ,  38.7573739745229    , 3638.5051293125434  , 18911.14251028007    ,   0.0              ,  3716.353333521287   , 1936.2571668816922, 1941.7164883350642,     0.0              ,  7764.143376369357  ,  34.71804134828071     ,  40.84699254996892  , 1558.9120138334672, 1109.207760272051   ,  5227.0077245008115  ,  4226.552608513718   ,    0.0             ,  0.9866163351196774  , 374.05683006197046,  50.854745460446175  ,       0.0, 0.0                 , 0.0                 ,  8.108962653516976   , 2.4326887960550927  , 181.53295528100847   ,       0.0, 0.5015469001370259  , 0.07523203502055388  , 0.00583893879576032   , 0.001167787759152064  , 0.0                ,       0.0, 0.0                , 0.0                , 0.5960373523121485  , 0.05960373523121485  , 0.0                , 0.0                , 461468.95228927874,          1
109, 2022-02-06, national,    0.0               ,   0.0                ,   0.922261991851885  , 2007.000825324232   , 13708.414449379537   ,   0.0              ,  4887.664020649506   ,    0.0            , 2105.0703486845155,   361.5527995686696  , 10992.458881003482  ,  11.324193253687374    ,   0.0               , 1482.9263884586735, 1054.3215656892964  ,     0.0              ,  1416.9417098373879  , 1419.8638173975066 ,  0.9588767702205319  , 401.7067837496679 ,  69.03919342366771   ,       0.0, 0.0                 , 0.0                 ,  0.6595546304951531  , 0.1978663891485459  ,  56.8341130389634    ,       0.0, 0.2062781935358168  , 0.030941729030372518 , 0.004305992658139084  , 0.0008611985316278168 , 0.44428115377252164,       0.0, 0.0                , 0.0                , 0.07446640316949713 , 0.007446640316949713 , 0.0                , 0.0                , 444232.67165730597,          1
110, 2022-02-13, national,    0.0               ,   0.0                ,   0.0                , 2443.4379349326873  , 15816.38015618098    ,   0.0              ,  4422.394723367871   , 2575.054431362947 ,  957.5013548396225,  1356.0125126045384  ,  5094.373355343496  ,   6.794515952212424    ,   0.0               , 2180.451495861628 ,  300.51918945605536 ,     0.0              ,     0.0              , 1913.13321181021   ,  0.5743640026377504  , 395.6086070344341 ,  78.30715203442882   ,       0.0, 0.0                 , 0.0                 ,  0.22251154617434304 , 0.06675346385230291 ,  13.326214538920336  ,       0.0, 0.04582082143909203 , 0.006873123215863804 , 0.0010779590410771864 , 0.0002155918082154373 , 0.4099322364518426 ,       0.0, 0.0                , 0.0                , 0.03683186152199144 , 0.0036831861521991437, 0.0                , 0.0                , 422590.65776298655,          1
111, 2022-02-20, national,    0.0               ,   0.0                ,   0.0                , 1910.0790773664041  , 22334.625871975335   ,   0.0              ,  4615.841397436638   , 2357.8861255975826,    0.0            ,   822.6955177655854  ,  8555.90679861801   ,   4.076709571327455    ,   0.0               ,    0.0            ,  244.73441946162438 ,     0.0              ,   876.5769326823744  ,    0.0             ,  0.0                 ,   0.0             ,  68.28722252025658   ,       0.0, 0.0                 , 0.0                 ,  6.019049295725784   , 1.8057147887177352  ,   0.0                ,       0.0, 0.0                 , 0.0                  , 0.0                   , 0.0                   , 1.4035856827208244 ,       0.0, 0.0                , 0.0                , 0.0                 , 0.0                  , 0.0                , 0.0                , 388536.194017189  ,          1
112, 2022-02-27, national,    0.0               ,   0.0                ,   0.0                , 1856.3646242191685  ,  7118.413416379384   ,   0.0              ,  5866.546493922136   , 2225.2282315756715, 1574.198137692636 ,   813.3567213574307  ,  7578.138984222519  ,   2.4460257427964724   ,   0.0               ,    0.0            ,  767.7579804317392  ,     0.0              ,   457.4778786396833  ,    0.0             ,  0.0                 ,   0.0             ,  97.87270567212751   ,       0.0, 0.0                 , 0.0                 , 14.809633696547586   , 4.442890108964275   ,   0.0                ,       0.0, 0.0                 , 0.0                  , 0.0                   , 0.0                   , 1.1632121387063192 ,       0.0, 0.0                , 0.0                , 0.0                 , 0.0                  , 0.0                , 0.0                , 355190.0207581161 ,          1
113, 2022-03-06, national,    0.0               ,   0.0                ,   0.0                ,    0.0              ,  6854.086817935948   ,   0.0              ,  3627.925059814315   , 2003.422174155773 , 2062.1383762269534,   781.1516964928057  ,  9000.722986614272  ,   1.4676154456778834   ,   0.0               ,    0.0            ,    0.0              ,   744.3448822906166  ,     0.0              , 1576.1518931894857 ,  0.0                 ,   0.0             ,  73.70830663127717   ,       0.0, 0.0                 , 0.0                 , 13.508225185903317   , 4.052467555770995   ,   0.0                ,       0.0, 0.0                 , 0.0                  , 0.0                   , 0.0                   , 0.44699940168337315,       0.0, 0.0                , 0.0                , 0.0                 , 0.0                  , 0.0                , 0.0                , 327106.3824829805 ,          1
114, 2022-03-13, national,    0.0               ,   0.0                ,   0.0                ,    0.0              ,  8014.442557513485   ,   0.0              ,  2684.9028677082065  ,    0.0            , 2073.86586230354  ,     0.0              ,  8784.822020393667  ,   0.8805692674067301   ,   0.0               , 2037.9431934653132,    0.0              ,   654.0617071128625  ,  2693.9368168468422  , 1528.2859137820851 ,  0.0                 , 393.7756009803759 ,  89.92194841379425   ,       0.0, 0.0                 , 0.0                 , 11.488358384017378   , 3.446507515205213   ,   0.0                ,       0.0, 0.0                 , 0.0                  , 0.0                   , 0.0                   , 0.0                ,       0.0, 0.0                , 0.0                , 0.0                 , 0.0                  , 0.0                , 0.0                , 326753.2768745915 ,          1
115, 2022-03-20, national,    0.0               ,   0.0                ,   0.0                , 1964.844588861226   ,  8868.349036953592   ,   0.0              ,  2516.5598332296136  , 2754.1398231676576, 1108.6682628064902,   875.2021349431003  , 11686.233894232793  ,   0.528341560444038    ,   0.0               , 1631.5034648641972,    0.0              ,     0.0              ,   890.6391801510064  , 1623.9804611774532 ,  0.0                 , 385.53724755455295,  93.673240769584     ,       0.0, 0.0                 , 0.0                 ,  7.789862891029683   , 2.336958867308905   ,   0.0                ,       0.0, 0.0                 , 0.0                  , 0.0                   , 0.0                   , 0.0                ,       0.0, 0.0                , 0.0                , 0.0                 , 0.0                  , 0.0                , 0.0                , 322392.5692797728 ,          1
116, 2022-03-27, national,    0.0               ,   0.0                ,   0.0                , 4039.6830004853646  ,   491.56303844215563 ,   0.0              ,  2602.926418971358   , 1801.398305984946 , 1776.1044691709972,     0.0              , 15559.193098844104  ,   0.31700493626642284  ,   0.0               , 2149.389735996304 ,  126.02839716975605 ,  5599.348686411249   ,   346.4396832942025  , 1681.7445108103855 ,  0.0                 , 396.3384470531024 ,  87.54705809061696   ,       0.0, 0.0                 , 0.0                 ,  9.31206095462311    , 2.7936182863869328  ,   0.0                ,       0.0, 0.0                 , 0.0                  , 0.0                   , 0.0                   , 0.0                ,       0.0, 0.0                , 0.0                , 0.0                 , 0.0                  , 0.0                , 0.0                , 324630.02705942886,          1
117, 2022-04-03, national,    0.0               ,   0.0                ,   0.0                , 5424.916528545582   , 11762.933933228456   ,   0.0              ,  1129.6517951678845  , 2345.207321744114 , 1357.9239717532955,  1350.5367036108078  , 13135.493964263991  ,   0.19020296175985368  ,   0.0               , 1660.1471919729565,  123.36078447226758 ,     0.0              ,     0.0              , 2055.6481517936077 ,  0.0                 , 319.67268944887826, 122.64513933336791   ,       0.0, 0.0                 , 0.0                 , 14.689573577923355   , 4.406872073377007   ,   0.0                ,       0.0, 0.0                 , 0.0                  , 0.0                   , 0.0                   , 0.0                ,       0.0, 0.0                , 0.0                , 0.0                 , 0.0                  , 0.0                , 0.0                , 326204.7941291487 ,          1
118, 2022-04-10, national,    0.0               ,   0.0                ,   0.0                , 4087.285630794246   ,     0.0              ,   0.0              ,  2569.1887842791893  , 2742.5400172436352, 1684.5284779022913,  1164.5962033905541  , 13254.480888862288  ,   0.1141217770559122   ,   0.0               , 2387.648011231585 ,  444.9755712417677  ,     0.0              ,  1170.0830809936278  ,  551.0795888401643 ,  0.0                 , 398.1911680846221 , 112.704608603305     ,       0.0, 0.0                 , 0.0                 ,  9.382162780894726   , 2.8146488342684175  ,   0.0                ,       0.0, 0.0                 , 0.0                  , 0.0                   , 0.0                   , 0.0                ,       0.0, 1.4980314821807301 , 0.5243110187632555 , 0.0                 , 0.0                  , 1.2132968327083269 , 0.5459835747187471 , 330099.07542197907,          1
119, 2022-04-17, national,    0.0               ,   0.0                ,   0.0                , 5094.0018834395405  , 12780.852641442358   ,   0.0              ,  1027.6754990924956  , 2376.4593664201393, 1776.0324357828645,  2671.540282132781   , 10607.988917068342  ,   0.06847306623354732  ,   0.0               , 1380.3115846388735,  414.66081007828103 ,     0.0              ,  1066.1871536586173  , 1687.593243452843  ,  0.0                 , 311.1335354543799 , 117.32232602217773   ,       0.0, 1.264984060615487   , 0.31624601515387174 ,  9.627312914191682   , 2.8881938742575044  ,   0.0                ,       0.0, 0.0                 , 0.0                  , 0.0                   , 0.0                   , 0.0                ,       0.0, 0.3563568711971046 , 0.12472490491898659, 0.0                 , 0.0                  , 1.7501605925574912 , 0.7875722666508711 , 333625.07965903595,          1
120, 2022-04-24, national,    0.0               ,   1.2630312991867785 ,   0.0                , 5800.119318075229   ,     0.0              ,   0.0              ,  2711.623669979909   , 2448.130510991942 ,    0.0            ,  1842.5081180294694  , 12037.091770169873  ,   0.041083839740128386 ,   0.0               ,    0.0            ,  730.8503507764707  ,     0.0              ,     0.0              ,    0.0             ,  0.0                 , 412.31228862038944,  90.46955604205583   ,       0.0, 1.5571671710702188  , 0.3892917927675547  ,  9.540648172486414   , 2.862194451745924   ,   0.0                ,       0.0, 0.0                 , 0.0                  , 0.0                   , 0.0                   , 0.0                ,       0.0, 1.3386515586853949 , 0.4685280455398882 , 0.0                 , 0.0                  , 1.5687181193242419 , 0.7059231536959089 , 325516.94325535314,          1
121, 2022-05-01, national,    0.0               ,  29.734446144941376  ,   0.0                , 4950.697937688399   , 11595.618275417233   ,   9.900927825756673,  1084.6494662011144  , 2816.179135407282 , 2138.2903351322634,  1045.1651999945236  ,  1625.8348262595491 ,   0.02465030384407703  ,   0.0               ,    0.0            ,  580.6937395356871  ,  1380.0200195838825  ,     0.0              ,  997.061248156971  ,  0.0                 , 404.6536976152558 ,  75.58150347987159   ,       0.0, 0.0                 , 0.0                 ,  5.513303751608851   , 1.6539911254826554  ,   0.0                ,       0.0, 0.0                 , 0.0                  , 0.0                   , 0.0                   , 0.0                ,       0.0, 0.0                , 0.0                , 0.0                 , 0.0                  , 1.276656651749363  , 0.5744954932872134 , 337548.9043526032 ,          1
122, 2022-05-08, national,   98.87532109719852  ,  68.64008568255967   ,   0.0                , 5518.997978802612   , 13211.412077141473   ,  63.562343819287044,  2581.3745286047647  , 2751.1834365947084, 1989.5361207814226,     0.0              ,   386.5112820056847 ,   0.014790182306446216 ,   0.0               , 1948.8998788257504, 1033.341576589867   ,  1780.301468892922   ,   112.83305541963148 , 1089.8997754502382 ,  0.0                 ,   0.0             ,  83.43787819280743   ,       0.0, 0.0                 , 0.0                 ,  8.355245751406374   , 2.506573725421912   ,   0.0                ,       0.0, 0.0                 , 0.0                  , 0.0                   , 0.0                   , 0.0                ,       0.0, 0.0                , 0.0                , 0.0                 , 0.0                  , 0.7933953523436367 , 0.3570279085546365 , 367951.3737651045 ,          1
123, 2022-05-15, national,  343.33580622854424  ,  92.38537742691697   ,  11.637129187188842  , 7544.74693525746    , 15121.587894643657   , 155.78718537642783 ,  3449.974111304523   ,    0.0            , 2029.6186023386167,     0.0              ,   391.0964547186292 ,  18.439900401175127    ,   9.676871682622817 , 1659.1595972238804,  854.0337209610248  ,  6490.284213991556   ,     0.0              , 1395.3096375026848 ,  0.0                 , 469.18179512374167,  81.57212253175254   ,       0.0, 0.0                 , 0.0                 ,  6.576664908368543   , 1.9729994725105628  ,   0.0                ,       0.0, 0.0                 , 0.0                  , 0.0                   , 0.0                   , 0.0                ,       0.0, 0.0                , 0.0                , 0.0                 , 0.0                  , 0.4032076635501284 , 0.1814434485975578 , 416787.88099993265,          1
124, 2022-05-22, national,  485.6526951095797   , 118.98502174942027   ,  50.59046497737827   , 6294.840874604215   , 29723.828578761804   ,  58.3459977511358  ,  4191.540910262753   ,    0.0            ,    0.0            ,     0.0              ,  2780.6662829306206 ,  41.049059778093536    , 134.501822573023    , 1814.9961835390573,    0.0              ,  3913.730378911766   ,   450.7725758208309  , 1816.863200616142  ,  0.0                 , 372.00965326563886,  69.81182718344381   ,       0.0, 0.0                 , 0.0                 , 10.390914997223918   , 3.1172744991671753  ,  93.72467039400809   ,       0.0, 0.23404220338397147 , 0.03510633050759572  , 0.000822280686669663  , 0.0001644561373339326 , 0.0                ,       0.0, 0.0                , 0.0                , 0.1254052382948454  , 0.012540523829484541 , 0.44211176243384465, 0.1989502930952301 , 446871.6727963943 ,          1
125, 2022-05-29, national,  978.2214870976969   ,  93.10734522173207   ,  52.33655174468437   , 5198.413440670232   , 18511.742806401486   ,  38.29326176455396 ,  6997.581431042456   ,    0.0            ,    0.0            ,  1970.3005004970778  ,  7311.195234699095  ,  12.174156928590637    , 279.2881091460358   , 1717.8632147818148,  178.38349964970925 ,  5983.022088976773   ,  2246.4348744338085  , 1526.6316460056576 ,  0.0                 , 390.7957796491384 , 105.48547692036735   ,       0.0, 0.0                 , 0.0                 ,  6.83191319717729    , 2.0495739591531867  , 179.50007911513842   ,       0.0, 0.3379388356274862  , 0.05069082534412293  , 0.0010367538590070457 , 0.00020735077180140916, 0.0                ,       0.0, 0.0                , 0.0                , 0.16951798423475023 , 0.016951798423475023 , 0.0                , 0.0                , 462352.64526400005,          1
126, 2022-06-05, national, 1016.848828187664    , 123.64146841395454   ,  82.76940880620346   , 5180.2190272818225  , 25617.788319463165   ,  24.24912466041986 ,  6303.7202677958485  , 2424.900477228327 ,    0.0            ,  1678.563802631681   , 10110.844099982656  ,  63.017218993498716    , 249.81649476035133  , 1854.411636020442 ,  452.82889556912875 ,  4421.012144721789   ,  3341.9673066655823  , 2069.623196350191  ,  0.0                 , 411.29052039499305,  92.17397976184611   ,       0.0, 0.0                 , 0.0                 ,  8.287299459285851   , 2.4861898377857554  , 268.96614650214406   ,       0.0, 0.7030181331807812  , 0.10545271997711718  , 0.0008878009312398279 , 0.0001775601862479656 , 0.0                ,       0.0, 0.0                , 0.0                , 0.0                 , 0.0                  , 0.0                , 0.0                , 482496.8738288152 ,          1
127, 2022-06-12, national, 1163.6146298808842   ,  97.2204856311579    ,  45.559131527685615  , 4759.147699670356   , 24152.132488195177   ,   0.0              ,  7186.158622872445   , 3017.9439733559384, 2621.927395038257 ,  1751.8087349230848  , 11961.404532553772  ,  64.9998729674451      , 317.2097481993654   ,    0.0            , 1063.9242569441985  ,     0.0              ,  4517.766242879584   , 1853.2831119401299 ,  1.1633806426125708  ,   0.0             ,  95.87251649929904   ,       0.0, 0.0                 , 0.0                 ,  3.8873272697763355  , 1.1661981809329005  , 314.58154418872164   ,       0.0, 0.8435582005730019  , 0.12653373008595029  , 0.0                   , 0.0                   , 0.0                ,       0.0, 0.0                , 0.0                , 0.5006343084331398  , 0.05006343084331399  , 0.0                , 0.0                , 492945.9898320368 ,          1
128, 2022-06-19, national,  873.5621770123176   , 128.2761413279589    ,  35.70663291950886   , 5736.160032589184   ,  9100.760385702735   ,   0.0              ,  7362.595523481997   , 2076.289976007831 , 2316.6364259252186,  3166.783574185082   ,  6953.480233258412  ,  83.52709329029423     , 316.5654512677543   ,    0.0            ,  245.15778415116088 ,  2446.656940332124   ,   582.4134478598439  ,  917.2184120885923 ,  0.0                 ,   0.0             ,  69.6992860557928    ,       0.0, 0.0                 , 0.0                 ,  2.797540619657407   , 0.839262185897222   , 437.6557908180703    ,       0.0, 0.3667975133091689  , 0.05501962699637533  , 0.0                   , 0.0                   , 0.24319432997731705,       0.0, 2.1148671224518587 , 0.7402034928581505 , 0.0                 , 0.0                  , 0.412000383633508  , 0.1854001726350786 , 476345.53550753056,          1
129, 2022-06-26, national,  752.5745236611422   ,  27.74359588743957   ,   0.37742711761161807, 4423.654736488867   , 17882.648948838887   ,   0.0              ,  4680.751600714441   , 2536.505480907705 , 1380.0205590277446,  2549.0641480195955  ,  7597.712201339385  ,  95.73030645686345     ,  96.6777052342997   , 2020.4117438274416,  150.89545868347727 ,  8422.404783175294   ,  5822.638115039276   ,    0.0             ,  0.3891180143107632  , 375.3198415728302 ,  61.65774371778853   ,       0.0, 1.4969846774048556  , 0.3742461693512139  ,  0.028889277886458935, 0.00866678336593768 , 362.6672000845133    ,       0.0, 0.774247086163791   , 0.11613706292456864  , 0.0                   , 0.0                   , 0.6336851753893116 ,       0.0, 0.9513209924664021 , 0.3329623473632407 , 0.8979271283653076  , 0.08979271283653077  , 0.5423210402879635 , 0.24404446812958355, 479832.00240104465,          1
130, 2022-07-03, national,  517.1751456019524   ,   2.647871470453162  ,   4.798360205485772  , 3919.921307671303   , 11722.613870022344   ,   0.0              ,  5033.225561426338   , 3186.7359774271927, 2114.9943274540346,  2924.044682584319   ,  5345.896685115958  , 105.2842220044069      ,   0.0               , 1533.8865028035532,   64.04413052964425 , 11289.980436228925   ,  6306.997806118635   , 1866.8961509317132 ,  0.0                 , 347.55748814352694,  46.2544427676432    ,       0.0, 0.8618276334823551  , 0.21545690837058878 ,  0.3804539882108414  , 0.11413619646325242 , 324.9342242947969    ,       0.0, 0.5130364435855036  , 0.07695546653782553  , 0.0                   , 0.0                   , 0.0                ,       0.0, 2.3009879570987577 , 0.8053457849845651 , 0.22519168593882175 , 0.022519168593882175 , 1.202083672060203  , 0.5409376524270914 , 471453.1861106482 ,          1
131, 2022-07-10, national,  534.5797425476615   ,  30.146694794086105  ,   0.0                , 2307.799337083454   ,  1866.3786103059695  ,   0.0              ,  4270.6552961659745  ,    0.0            , 2002.371814631388 ,  2226.061520005613   ,  3142.773570252991  , 123.07157912430813     , 155.35532870706794  , 1112.7337158899466,  940.0147592536896  , 16557.27456487507    ,  7496.008740793695   , 1946.2026605562673 , 10.413900908327262   , 442.60845810478816,  56.11781118498129   ,       0.0, 0.5971915434691554  , 0.14929788586728884 ,  0.0                 , 0.0                 , 182.40257717377264   ,       0.0, 0.07786187417799163 , 0.011679281126698745 , 0.0                   , 0.0                   , 1.4348929128549939 ,       0.0, 0.17114689813051365, 0.05990141434567977, 0.7558352069333375  , 0.07558352069333375  , 0.0                , 0.0                , 487112.4713816752 ,          1
132, 2022-07-17, national,  418.01950497292177  ,  28.070438921894365  ,  58.73036185223474   , 1837.4558150049718  , 12844.319536484609   ,   0.0              ,  1983.4680233840702  ,    0.0            , 2312.734558115958 ,  1354.1282367055226  ,   751.5824863487462 ,  30.95358303370937     , 198.5950470809974   , 2153.175781466065 ,  563.5037013853752  , 12878.056517584306   , 11457.384924669645   ,  978.1657390251762 ,  7.530119453258116   , 440.79926790220094,  56.932701125033     ,       0.0, 0.0                 , 0.0                 ,  6.106121049438624   , 1.831836314831587   , 129.90907409470887   ,       0.0, 0.4791968077835015  , 0.07187952116752522  , 0.0                   , 0.0                   , 1.2208186055967243 ,       0.0, 0.16871944991341425, 0.05905180746969498, 0.8252861758963157  , 0.08252861758963158  , 0.0                , 0.0                , 482368.18567231996,          1
133, 2022-07-24, national,  173.79242301398276  ,   0.08305520832518083,  16.709826959134723  , 1496.6383618428258  , 13304.577640991494   ,   0.0              ,  3191.9622291558703  ,    0.0            ,    0.0            ,  1090.1957457668118  ,  6991.4704133042105 ,  27.175960821806278    , 160.98452497612257  , 1949.8339545571055,  135.1711641871335  ,  8214.650725533344   , 13126.899466598074   ,  967.6106591647022 ,  0.5261066674676597  , 432.1558441446083 ,  36.50281046769933   ,       0.0, 0.0                 , 0.0                 ,  2.3014555186761467  , 0.690436655602844   ,  87.4312198477334    ,       0.0, 0.4100346281178153  , 0.061505194217672296 , 0.0                   , 0.0                   , 1.4551973133652574 ,       0.0, 0.0                , 0.0                , 1.0497268563661901  , 0.10497268563661902  , 0.0                , 0.0                , 463666.0710003531 ,          1
134, 2022-07-31, national,  147.3365941215615   ,   0.0                ,  56.33409670064831   , 1459.0508806815599  ,  7999.465187432729   ,   0.0              ,  3651.5672248287856  , 2566.408617704254 ,    0.0            ,   368.9718982076788  ,   271.28586855578976,  27.625054923895938    ,  99.20058548915158  , 1400.3267866161016, 1245.2339843819236  , 15526.185848334362   , 10955.407353950255   , 1792.932281500037  ,  0.6336092848999841  , 408.67578113016185,  76.15987583439346   ,       0.0, 0.0                 , 0.0                 , 12.502799990438959   , 3.7508399971316875  ,  62.660142386314874  ,       0.0, 0.18119352750391737 , 0.027179029125587607 , 0.0006243545122309119 , 0.0001248709024461824 , 0.8262376255814924 ,       0.0, 0.0                , 0.0                , 0.6605437370193058  , 0.06605437370193058  , 0.0                , 0.0                , 458835.6389019983 ,          1
135, 2022-08-07, national,    0.0               ,   0.0                ,  21.72749112079577   , 1037.959342707816   ,  4702.339237454095   ,   0.0              ,  2894.6909812443378  , 2382.920502148933 , 1915.0338964101813,  2074.38475318687    ,   441.22316542640476,  13.3720382691352      ,  61.686025782327974 , 1399.7274539704467, 1369.4146763038534  , 15261.504108532554   , 12423.554681811775   , 1687.1665490095825 ,  4.346737213802918   , 421.23554091049937,  58.27916723673916   ,       0.0, 0.0                 , 0.0                 , 14.337636853025618   , 4.301291055907686   ,  26.167096433829578  ,       0.0, 0.0625089752423118  , 0.00937634628634677  , 0.0                   , 0.0                   , 0.8819579871759688 ,       0.0, 0.0                , 0.0                , 0.34898512367556506 , 0.034898512367556506 , 1.4584678106427726 , 0.6563105147892477 , 455161.2906188842 ,          1
136, 2022-08-14, national,    0.0               ,   0.0                ,   0.0                ,    0.0              ,  4520.810824700314   ,   0.0              ,  2004.2973843265283  , 2593.825438460966 , 2267.046449439957 ,  3177.2814742124074  ,  3084.1878498841634 ,   7.497633122664665    ,   0.0               , 1453.4715398542157,  672.5162601196555  , 10045.15818386248    , 13767.132981316585   , 1061.3005729232866 ,  0.38488224403173843 , 430.5901689191262 ,  70.79171338951211   ,       0.0, 0.0                 , 0.0                 , 14.873591782013639   , 4.4620775346040915  ,   0.0                ,       0.0, 0.014909742958507213, 0.0022364614437760818, 0.00013347201688817338, 2.669440337763468e-05 , 0.0                ,       0.0, 0.0                , 0.0                , 0.08137344700906898 , 0.008137344700906898 , 0.9206734423832394 , 0.41430304907245774, 433485.0424556356 ,          1
137, 2022-08-21, national,    0.0               ,   0.0                ,   0.0                ,    0.0              ,  3541.6853842631144  ,   0.0              ,  1615.464877357137   , 2730.2370492827886, 1749.609913769617 ,  3457.543767303251   ,   426.9026006507863 ,   4.498579873598798    ,   0.0               ,    0.0            ,  755.5912933964199  , 15704.071159201696   , 13493.096278643865   ,    0.0             ,  0.0                 ,   0.0             ,  54.30481074428054   ,       0.0, 0.0                 , 0.0                 ,  5.6197335886504405  , 1.685920076595132   ,   0.0                ,       0.0, 0.0                 , 0.0                  , 0.0                   , 0.0                   , 0.0                ,       0.0, 0.0                , 0.0                , 0.0                 , 0.0                  , 1.1434050214305518 , 0.5145322596437483 , 394118.8288033448 ,          1
138, 2022-08-28, national,    0.0               ,   0.0                ,   0.0                ,    0.0              ,  5260.1665893967875  ,   0.0              ,  1283.6893114233799  , 2893.608723247647 , 2577.3274462831982,  6061.27788232655    ,  4260.081148558251  ,   2.699147924159279    ,   0.0               ,    0.0            ,  469.08562479903384 , 18587.75011177589    , 12549.76453174579    , 1866.882798751455  ,  0.0                 ,   0.0             ,  54.63187350135127   ,       0.0, 0.0                 , 0.0                 ,  1.1256296595174389  , 0.33768889785523165 ,   0.0                ,       0.0, 0.0                 , 0.0                  , 0.0                   , 0.0                   , 0.0                ,       0.0, 0.0                , 0.0                , 0.0                 , 0.0                  , 0.0                , 0.0                , 373346.03444994014,          1
139, 2022-09-04, national,    0.0               ,   0.0                ,   0.0                , 1276.423479158055   ,  1564.902896762179   ,   0.0              ,  1460.305707620381   ,    0.0            , 1881.334329747096 ,  6156.80437666841    ,   425.1222352995186 ,   1.6194887544955674   ,   0.0               ,    0.0            ,    0.0              , 14504.115852670993   , 14473.851684938583   , 1635.5926841256214 ,  0.0                 , 459.58732883955633,  50.663020831389886  ,       0.0, 0.0                 , 0.0                 ,  5.470468316586666   , 1.6411404949759996  ,   0.0                ,       0.0, 0.0                 , 0.0                  , 0.0                   , 0.0                   , 0.0                ,       0.0, 0.0                , 0.0                , 0.0                 , 0.0                  , 0.0                , 0.0                , 346973.17353681504,          1
140, 2022-09-11, national,    0.0               ,   0.0                ,   0.0                , 1967.9332670657388  ,   901.0005304131315  ,   0.0              ,   865.8048034012072  ,    0.0            , 1934.8139820618803,  7421.474816260979   ,   133.02900914856625,   0.9716932526973404   ,   0.0               , 2418.4293712089466,    0.0              ,  9490.110194247116   , 15884.78000348937    ,  613.529501570084  ,  0.0                 , 360.5335953377436 ,  47.38237793979406   ,       0.0, 0.0                 , 0.0                 ,  6.029304823058137   , 1.808791446917441   ,   0.0                ,       0.0, 0.0                 , 0.0                  , 0.0                   , 0.0                   , 0.0                ,       0.0, 0.0                , 0.0                , 0.0                 , 0.0                  , 0.0                , 0.0                , 330138.6489781645 ,          1
141, 2022-09-18, national,    0.0               ,   0.0                ,   0.0                , 3829.0105805601856  ,   476.18901926012796 ,   0.0              ,   508.50201646239844 , 2956.569471259266 ,    0.0            ,  8371.145990864876   ,    42.92948895186075,   0.5830159516184041   ,   0.0               , 1433.727186403813 ,    0.0              ,     0.0              , 14932.83351859002    , 1334.09528070622   ,  0.0                 , 425.3306945328223 ,  80.91733297778919   ,       0.0, 0.0                 , 0.0                 ,  0.9391414140949033  , 0.28174242422847096 ,   0.0                ,       0.0, 0.0                 , 0.0                  , 0.0                   , 0.0                   , 0.0                ,       0.0, 0.0                , 0.0                , 0.0                 , 0.0                  , 0.0                , 0.0                , 310244.13336245413,          1
142, 2022-09-25, national,    0.0               ,   0.0                ,   0.0                , 3635.79014353446    , 10279.307819747684   ,   0.0              ,   289.11482992142555 , 1667.6536919659363, 1669.2233520506486, 10915.843786468486   ,   310.1972262254948 ,   0.34980957097104254  ,   0.0               ,    0.0            ,    0.0              ,     0.0              , 11879.062009074585   , 1578.0607310316802 ,  0.0                 , 430.51906533454724,  48.76453343966518   ,       0.0, 0.0                 , 0.0                 ,  2.0659760221832526  , 0.6197928066549757  ,   0.0                ,       0.0, 0.0                 , 0.0                  , 0.0                   , 0.0                   , 0.0                ,       0.0, 0.0                , 0.0                , 0.0                 , 0.0                  , 0.0                , 0.0                , 305713.4701539031 ,          1
143, 2022-10-02, national,    0.0               ,   0.0                ,   0.0                , 2271.1557404971686  ,  9927.485482293165   ,   0.0              ,  1965.9213394775284  , 2722.7273672542965, 2089.2148596347483, 10333.222565667626   ,  3201.638504854364  ,   0.20988574258262552  ,   0.0               ,    0.0            ,   57.8713809019253  ,     0.0              , 11355.695535347393   , 1237.5047136552312 ,  0.0                 , 381.98227405243466,  54.90005136167769   ,       0.0, 2.8234673641542565  , 0.7058668410385641  ,  6.204293786079008   , 1.8612881358237023  ,   0.0                ,       0.0, 0.0                 , 0.0                  , 0.0                   , 0.0                   , 0.0                ,       0.0, 0.0                , 0.0                , 0.0                 , 0.0                  , 0.0                , 0.0                , 317123.001692565  ,          1
144, 2022-10-09, national,    0.0               ,   0.0                ,   0.0                , 2532.2102521628694  , 14660.545632018939   ,   0.0              ,  2573.315922587812   , 2519.2140649229323, 1863.4382002766486,  9595.245273821283   ,  5124.191107330532  ,   0.1259314455495753   ,   0.0               , 1563.429221746208 ,  658.6179673510976  ,     0.0              ,  7933.180632988179   ,    0.0             ,  0.0                 ,   0.0             ,  96.90011343080081   ,       0.0, 0.8709736317034267  , 0.21774340792585667 ,  6.2856985929903795  , 1.8857095778971138  ,   0.0                ,       0.0, 0.0                 , 0.0                  , 0.0                   , 0.0                   , 0.0                ,       0.0, 0.0                , 0.0                , 0.0                 , 0.0                  , 0.0                , 0.0                , 336567.99315831065,          1
145, 2022-10-16, national,    0.0               ,   0.0                ,   0.0                , 3764.9114091641177  , 11886.08640263331    ,   0.0              ,  3668.224582792945   , 2229.1325118960763, 2239.5704453519666,  9423.101582659783   ,  6680.996105741575  ,   0.07555886732974518  ,   0.0               , 2039.1939563403846,  471.9258383252156  ,     0.0              ,  7742.644813684775   , 1357.1671303154114 ,  0.0                 , 333.76699377472835,  94.44528317025586   ,       0.0, 0.0                 , 0.0                 ,  4.086943761909692   , 1.2260831285729077  ,   0.0                ,       0.0, 0.0                 , 0.0                  , 0.0                   , 0.0                   , 0.0                ,       0.0, 0.0                , 0.0                , 0.0                 , 0.0                  , 0.0                , 0.0                , 346437.5190071729 ,          1
146, 2022-10-23, national,    0.0               ,   0.0                ,   0.0                , 7110.855696050856   ,  9055.907171773819   ,   0.0              ,  3606.7853855892176  ,    0.0            ,    0.0            , 10383.264527539526   ,  4296.009957439337  ,   0.04533532039784711  ,   0.0               , 2053.139786240794 ,  257.81911946470797 ,  6035.353027554534   , 11260.709090542447   , 1962.3980952161735 ,  0.0                 , 451.5060809969917 , 127.54979295968377   ,       0.0, 0.0                 , 0.0                 , 13.880632924150607   , 4.164189877245182   ,   0.0                ,       0.0, 0.0                 , 0.0                  , 0.0                   , 0.0                   , 0.0                ,       0.0, 0.0                , 0.0                , 0.0                 , 0.0                  , 0.0                , 0.0                , 349743.5656482608 ,          1
147, 2022-10-30, national,    0.0               ,   7.232768493585053  ,   0.0                , 5503.192705336368   ,  7094.909240166169   ,   7.305602846153053,  3072.7774451542896  , 2239.3575646265667, 2086.837350337335 , 11319.78225357513    ,  4381.182332818939  ,   0.027201192238708267 ,   0.0               , 1974.662770215652 ,    0.0              ,     0.0              ,  8384.879998555738   , 1419.8374455343317 ,  0.0                 , 409.78419978652664, 136.44093030040912   ,       0.0, 0.0                 , 0.0                 ,  0.0                 , 0.0                 ,   0.0                ,       0.0, 0.0                 , 0.0                  , 0.0                   , 0.0                   , 0.0                ,       0.0, 0.0                , 0.0                , 0.0                 , 0.0                  , 0.0                , 0.0                , 352923.3522319706 ,          1
148, 2022-11-06, national,   96.23070026853793  ,  16.073740262532052  ,   0.0                , 3280.9653074664834  ,  2085.9340907941923  ,  31.709107782246587,  2526.0045879905424  , 2026.985725619554 , 1926.0609119174496,  8958.39898905045    ,  7083.112560180782  ,   0.01632071534322496  ,   0.0               , 1660.2699944091141,    0.0              ,  5294.482455621534   ,  8281.97492383112    , 1388.0680203343593 ,  0.0                 , 409.95631753505387, 122.17885951936606   ,       0.0, 0.0                 , 0.0                 ,  0.0                 , 0.0                 ,   0.0                ,       0.0, 0.0                 , 0.0                  , 0.0                   , 0.0                   , 0.0                ,       0.0, 0.0                , 0.0                , 0.0                 , 0.0                  , 0.0                , 0.0                , 377482.04715994146,          1
149, 2022-11-13, national,  469.901015203207    ,   0.0                ,   0.0                , 3824.349409645923   ,  6669.439695757179   ,  76.38126509867634 ,  1443.492787694919   , 2429.1589434501307, 2319.461312793166 ,  9792.2249445232     ,   278.844403443056  ,  16.595584180373994    ,   0.0               , 1603.1947982239933,    0.0              ,  9671.450033566696   ,  9454.778600844584   , 1743.9039576387884 ,  0.0                 , 281.61573248827676, 137.0136535697241    ,       0.0, 0.0                 , 0.0                 ,  0.0                 , 0.0                 ,   0.0                ,       0.0, 0.0                 , 0.0                  , 0.0                   , 0.0                   , 0.0                ,       0.0, 0.0                , 0.0                , 0.0                 , 0.0                  , 0.0                , 0.0                , 407747.66340935894,          1
150, 2022-11-20, national,  734.3527184209926   ,  88.51039309286865   ,   0.0                , 5626.355344794006   ,  9169.461694170961   , 209.78128547876386 ,  1827.6933409624962  , 2661.0783489981613, 1852.56404528391  ,  9749.4478784715     ,  9791.586604671582  ,  37.9113036725849      ,  14.239449544849352 , 1733.052999835743 ,    0.0              ,  7133.22608282005    , 11681.114145746065   ,    0.0             ,  1.7290956294648714  ,   0.0             , 125.57023845810734   ,       0.0, 0.0                 , 0.0                 ,  0.0                 , 0.0                 ,  62.210689548922666  ,       0.0, 0.05328146238050864 , 0.007992219357076296 , 0.002651279133695064  , 0.0005302558267390128 , 0.0                ,       0.0, 0.0                , 0.0                , 0.2934804736777108  , 0.02934804736777108  , 0.0                , 0.0                , 448539.86660283135,          1
151, 2022-11-27, national, 1093.0259130766688   ,  43.348801521304125  ,   0.0                , 1094.9847490497043  ,  8586.90036035768    , 297.5298122854566  ,  2561.5370507124603  , 2242.076906791811 , 1669.8542994470504,  8594.80585358201    ,  6126.365757296795  ,  31.25468206558015     ,  46.95913010012336  , 1935.4249130464477,    0.0              ,     0.0              , 10886.63720510233    ,    0.0             ,  2.2544721258432308  ,   0.0             , 138.24013300436212   ,       0.0, 0.0                 , 0.0                 ,  0.0                 , 0.0                 ,  30.481125013539334  ,       0.0, 0.12559310341511476 , 0.018838965512267214 , 0.0077649654278091704 , 0.0015529930855618342 , 0.0                ,       0.0, 0.0                , 0.0                , 0.7982438734880349  , 0.0798243873488035   , 0.0                , 0.0                , 456534.22659490455,          1
152, 2022-12-04, national, 1011.5606356487754   , 208.46312166305262   ,   0.0                , 2536.3668093000333  ,  7703.791023480039   , 444.34353527845917 ,  2742.7805087279075  , 2182.9820709728256, 1134.4685382508133,  5916.436278876546   , 10500.64796425918   ,  64.02588449068223     ,   0.0               ,    0.0            ,  414.5749337824043  ,  9157.711042631343   , 13194.197912814434   ,    0.0             ,  7.154857630320135   , 407.2984327425306 , 106.5836668031569    ,       0.0, 0.37539512147480925 , 0.09384878036870231 ,  0.0                 , 0.0                 , 108.61834664894037   ,       0.0, 0.17330660575609005 , 0.025995990863413507 , 0.015924440301973316  , 0.0031848880603946635 , 0.0                ,       0.0, 0.0                , 0.0                , 1.1747583366862107  , 0.11747583366862108  , 0.0                , 0.0                , 482623.04990799725,          1
153, 2022-12-11, national,  861.3506392986551   , 244.44791889938756   ,  38.1703009598108    ,  850.8161358844307  ,  5079.2482765428695  , 262.1232250258004  ,  2794.3669034669783  ,    0.0            , 2784.2055840780245,  6898.441914963719   ,  8872.94444224159   ,  52.901671782549265    , 139.65022727306055  ,    0.0            ,    0.0              , 10883.493834574336   , 11474.324020071674   , 1644.8135600788723 ,  9.015365624171922   , 411.6984154728057 ,  81.92360558516708   ,       0.0, 1.057841646182355   , 0.26446041154558875 ,  3.6721759451283096  , 1.1016527835384928  ,  46.948713667776474  ,       0.0, 0.1472044678054286  , 0.022080670170814286 , 0.011541883317534384  , 0.0023083766635068766 , 0.0                ,       0.0, 0.0                , 0.0                , 1.8056068029870271  , 0.18056068029870273  , 0.0                , 0.0                , 508350.64291642857,          1
154, 2022-12-18, national,  663.5259743587497   , 208.24881871155807   ,   0.0                , 2984.18720917406    ,  6600.288803566563   , 272.832008748182   ,  1990.262127066078   ,    0.0            ,    0.0            ,  7594.416582425012   ,  2265.8391191171795 , 108.82433566943081     ,  17.317380186811675 , 1519.2964238996924,  385.24246907645426 ,  9265.776494068474   , 12781.186324554566   , 1512.6294610322445 , 15.866186681525969   , 434.3375888870138 ,  60.74339206141508   ,       0.0, 1.0040922708285445  , 0.2510230677071361  ,  0.0                 , 0.0                 , 191.66933316015002   ,       0.0, 0.22260666017844888 , 0.03339099902676733  , 0.01414500060078249   , 0.002829000120156498  , 0.0                ,       0.0, 0.0                , 0.0                , 2.2370757273514337  , 0.22370757273514338  , 0.0                , 0.0                , 512251.01467996475,          1
155, 2022-12-25, national,  514.6267787782574   , 148.21732612397162   ,  40.27204677469907   ,    0.0              ,     0.0              , 300.2016490524643  ,  1986.983311768272   , 2173.7910556108204,    0.0            ,  6495.005597951795   ,  9468.921121183532  , 159.40502635439194     , 137.29723711134642  , 1617.7857067530833,    0.0              , 11000.90656387838    ,  9742.638268941786   , 1147.6107840567033 , 16.107284447038097   , 343.3025535193676 ,  48.08989657565593   ,       0.0, 0.4446725297571231  , 0.11116813243928078 ,  3.4335636055951273  , 1.030069081678538   ,   0.0                ,       0.0, 0.0                 , 0.0                  , 0.01808279667854416   , 0.0036165593357088324 , 0.0                ,       0.0, 0.0                , 0.0                , 2.552382528307178   , 0.2552382528307178   , 0.0                , 0.0                , 519209.0063380106 ,          1
156, 2023-01-01, national,  574.038631074379    , 163.5003462843067    ,  81.80587698182295   ,    0.0              ,     0.0              , 317.36450899127703 ,   828.2052665902571  , 2689.0998455947174, 2101.218618841959 ,  7296.689596901079   , 10800.187682489086  , 155.7347939172254      , 212.3859766701772   , 1884.3164313247507, 1012.7357577380693  ,     0.0              , 13988.795530269512   ,    0.0             , 16.325434644984025   , 456.6583339585444 ,  58.409186882380574  ,       0.0, 0.0                 , 0.0                 ,  7.198168581302358   , 2.1594505743907075  ,   0.0                ,       0.0, 0.0                 , 0.0                  , 0.022502892250908353  , 0.0045005784501816705 , 0.0                ,       0.0, 0.0                , 0.0                , 1.2700721060663962  , 0.12700721060663964  , 0.0                , 0.0                , 532146.9281843783 ,          1
157, 2023-01-08, national,  545.8263833660365   ,  99.20413320101335   , 166.81059781839497   , 2036.0120801292112  ,  2518.386306961184   , 294.99486962379194 ,   384.0636628420686  , 2174.2293625068446, 2447.4285410311904,  7333.10236100898    ,  5322.816630902539  , 115.12517190556133     , 108.3248568400688   ,    0.0            ,    0.0              , 10297.791598127342   , 11687.29452737404    ,  945.8899452066034 , 16.99993519867476    , 436.6145861745501 ,  64.85749790456033   ,       0.0, 0.0                 , 0.0                 , 16.11847355553183    , 4.835542066659548   , 137.7836898684677    ,       0.0, 0.08944159743756577 , 0.013416239615634866 , 0.025315262226458527  , 0.005063052445291706  , 0.0                ,       0.0, 0.0                , 0.0                , 1.8073267928637735  , 0.18073267928637737  , 0.0                , 0.0                , 529410.3409689933 ,          1
158, 2023-01-15, national,   99.65327284581434  ,  15.22491978044223   ,  34.659958031133264  , 2416.564651414318   ,  2274.1633907357896  , 227.00000575267424 ,   644.6119366331992  , 2703.1569626305104, 1836.740688891709 ,  5424.870592061937   ,  9215.525487299688  , 125.07370935882238     , 125.68772394462808  , 1582.4631487890351,  266.1017222513354  ,  2107.1593504044195  ,  7608.309094089317   ,  668.8636053571544 ,  9.102488723309602   , 451.05426239440715,  15.251871775094509  ,       0.0, 0.2033669231112314  , 0.05084173077780785 ,  3.962906167589283   , 1.188871850276785   , 146.97093897284884   ,       0.0, 0.07257271618996676 , 0.010885907428495014 , 0.025686976062074034  , 0.005137395212414807  , 0.0                ,       0.0, 0.0                , 0.0                , 1.0594395429621786  , 0.10594395429621786  , 0.0                , 0.0                , 523023.73345824046,          1
159, 2023-01-22, national,   24.152153986306516 ,   2.059084737203553  ,  47.19637548441204   , 2987.674557462805   ,  5005.416636480748   , 101.63799650098221 ,   686.8261064552728  ,    0.0            , 1958.4505827002752,  5537.38981499022    ,  7473.273049470626  ,  85.58165729683478     ,  70.52589829677297  , 1955.413838126424 ,  419.6759604063346  ,  1568.1638796919935  ,  6944.318468104502   , 1500.1692290945648 ,  4.77721884920688    , 436.73793728441666,   5.623850415029936  ,       0.0, 1.7700143000440938  , 0.44250357501102344 ,  7.094341455206906   , 2.1283024365620715  , 151.02307536211754   ,       0.0, 0.13273601181410616 , 0.019910401772115924 , 0.019891034378916334  , 0.003978206875783267  , 0.0                ,       0.0, 0.0                , 0.0                , 1.065903962060765   , 0.10659039620607652  , 0.745358033826307  , 0.3354111152218382 , 516947.7976994583 ,          1
160, 2023-01-29, national,   29.875490633369726 ,   0.0                ,  19.80085701137119   , 4124.012521128352   , 14031.14374027412    ,   0.0              ,  1197.1626677567529  , 2291.0534727929053,    0.0            ,  5229.566904274914   ,  4435.680538713596  ,  65.80630555503683     ,   0.0               , 2066.779809712943 ,  185.91055130590942 , 13663.865773859401   ,  4574.702297767348   ,    0.0             ,  5.045941250774992   ,   0.0             ,  16.325473037117288  ,       0.0, 2.3361292784415846  , 0.5840323196103961  ,  4.722502404889972   , 1.4167507214669914  , 154.61719609222862   ,       0.0, 0.2759244310653058  , 0.04138866465979587  , 0.01721142914575564   , 0.003442285829151128  , 0.0                ,       0.0, 0.0                , 0.0                , 0.5135123757066626  , 0.051351237570666265 , 1.4990623417075968 , 0.6745780537684186 , 502982.3090452443 ,          1
161, 2023-02-05, national,    0.0               ,   0.0                ,   0.0                , 3767.5203979143466  , 10232.8885186428     ,   0.0              ,  2998.4084595500626  , 2983.841176102501 , 1760.548728101037 ,  6648.087276381413   ,   501.7999674221137 ,  31.782979140823716    ,  19.08404837035311  , 1934.381669158257 ,  763.4070542765353  ,  7632.82306362222    ,  1644.591037298041   ,    0.0             ,  5.987726596539878   , 423.0952172439901 ,  57.741028053619004  ,       0.0, 0.1404861353376613  , 0.035121533834415325,  0.0                 , 0.0                 ,  84.4956659606132    ,       0.0, 0.12035329118032054 , 0.01805299367704808  , 0.012564633564739578  , 0.002512926712947916  , 0.0                ,       0.0, 0.6230795317777011 , 0.2180778361221954 , 0.6243232749516118  , 0.06243232749516118  , 1.1594938619223212 , 0.5217722378650446 , 492089.4669487454 ,          1
162, 2023-02-12, national,    0.0               ,   0.0                ,   0.0                , 2818.9039432159525  , 22309.901052275665   ,   0.0              ,  3040.7843079291533  , 2443.671739301389 , 2082.839250888868 ,  5424.065555257456   ,  2384.352329296117  ,  19.11851383745198     ,   0.0               , 1884.9975198787909,  855.016879955051   , 23609.301743701344   ,  3821.732916131982   , 1960.544671955527  ,  1.9500660632236697  , 442.4484608607803 ,  21.522346037486475  ,       0.0, 0.8316156760334803  , 0.20790391900837007 ,  0.0                 , 0.0                 ,  17.592976307981367  ,       0.0, 0.07300626171215076 , 0.010950939256822613 , 0.003466173454537412  , 0.0006932346909074824 , 0.0                ,       0.0, 0.0                , 0.0                , 0.1471624506880649  , 0.014716245068806491 , 1.707397597492381  , 0.7683289188715714 , 482290.2751468504 ,          1
163, 2023-02-19, national,    0.0               ,   0.0                ,   0.0                , 2198.465940620525   , 16750.60437129462    ,   0.0              ,  5231.92125934498    , 2809.939076042457 ,    0.0            ,  4208.02695788252    ,  3830.897915862072  ,  11.471108302471189    ,   0.0               ,    0.0            ,  500.63564038175167 , 21188.332351988905   ,  3198.760442858426   , 1438.4720886296527 ,  0.0                 ,   0.0             ,  43.061546894931446  ,       0.0, 0.44081964971011356 , 0.11020491242752839 ,  0.0                 , 0.0                 ,   0.0                ,       0.0, 0.0                 , 0.0                  , 0.0                   , 0.0                   , 0.0                ,       0.0, 0.0                , 0.0                , 0.0                 , 0.0                  , 0.9436231502517153 , 0.42463041761327186, 448918.2251083038 ,          1
164, 2023-02-26, national,    0.0               ,   0.0                ,   0.0                , 4223.97754674375    , 21300.911822127997   ,   0.0              ,  5107.816161938318   , 2851.4395612924313, 2428.7834907852875,  3888.3112693815697  ,  7897.329850957236  ,   6.882664981482713    ,   0.0               ,    0.0            ,  440.56658750256025 , 31990.881560146772   ,  1442.085517000549   , 1686.2584857982029 ,  0.0                 , 413.7887809076414 ,   0.0                ,       0.0, 1.0488551523750103  , 0.26221378809375256 ,  0.0                 , 0.0                 ,   0.0                ,       0.0, 0.0                 , 0.0                  , 0.0                   , 0.0                   , 0.0                ,       0.0, 1.132493328594521  , 0.39637266500808227, 0.0                 , 0.0                  , 0.6057262795010421 , 0.27257682577546893, 430342.2007717148 ,          1
165, 2023-03-05, national,    0.0               ,   0.0                ,   0.0                , 2620.0300135317475  , 26034.644117981836   ,   0.0              ,  5877.2691977369195  , 2852.375278146007 , 1806.219749263418 ,  6593.031423569567   ,   412.23302589805047,   4.129598988889628    ,   0.0               , 2018.9974987016228,    0.0              , 21567.60015841623    ,  1501.9072134210476  , 1921.950583144761  ,  0.0                 , 389.11303504677386,   4.785840952343771  ,       0.0, 0.9953590489724116  , 0.2488397622431029  ,  0.33852831818130585 , 0.10155849545439176 ,   0.0                ,       0.0, 0.0                 , 0.0                  , 0.0                   , 0.0                   , 0.0                ,       0.0, 1.492656985637673  , 0.5224299449731855 , 0.0                 , 0.0                  , 0.0                , 0.0                , 406873.2082687599 ,          1
166, 2023-03-12, national,    0.0               ,   0.0                ,   0.0                , 2940.6172888023707  , 15469.139414813268   ,   0.0              ,  7037.136132073992   , 2849.4509301028343, 2438.7172167841495,  2618.7283971684647  ,   411.5621920283994 ,   2.477759393333776    ,   0.0               , 1860.6922614174916, 1424.3017659634436  , 27617.024967484736   ,     0.0              ,  328.7400306004672 ,  0.0                 , 368.3176511182212 ,   6.488754257745306  ,       0.0, 0.0                 , 0.0                 ,  0.0                 , 0.0                 ,   0.0                ,       0.0, 0.0                 , 0.0                  , 0.0                   , 0.0                   , 0.0                ,       0.0, 0.6999997818742585 , 0.24499992365599046, 0.0                 , 0.0                  , 0.0                , 0.0                , 399019.6355197861 ,          1
167, 2023-03-19, national,    0.0               ,   0.0                ,   0.0                , 2489.334825538827   , 13664.089276214114   ,   0.0              ,  5599.296926605857   , 3288.372824344515 , 2213.791827247559 ,  5191.646248348605   ,   409.87386666321424,   1.4866556360002656   ,   0.0               , 2282.6898870846744,  346.222916792622   , 17955.18050372523    ,     0.0              ,  308.8295516768576 ,  0.0                 , 418.38952685043637,   0.0                ,       0.0, 0.0                 , 0.0                 ,  0.0                 , 0.0                 ,   0.0                ,       0.0, 0.0                 , 0.0                  , 0.0                   , 0.0                   , 0.0                ,       0.0, 1.2135459469389762 , 0.42474108142864164, 0.0                 , 0.0                  , 0.0                , 0.0                , 383028.32350833504,          1
168, 2023-03-26, national,    0.0               ,   0.0                ,   0.0                ,  516.0402069335598  , 21261.926605137207   ,   0.0              ,  4699.253923049339   ,    0.0            , 2026.333235486039 ,  3553.7862752054075  ,   452.60250625784175,   0.8919933816001593   ,   0.0               ,    0.0            ,  687.1083924207657  , 12977.666308677137   ,     0.0              , 1364.2882801053497 ,  0.0                 , 370.7893709092867 ,  11.025038640044485  ,       0.0, 0.0                 , 0.0                 ,  0.0                 , 0.0                 ,   0.0                ,       0.0, 0.0                 , 0.0                  , 0.0                   , 0.0                   , 0.0                ,       0.0, 3.1525476892803526 , 1.1033916912481234 , 0.0                 , 0.0                  , 0.0                , 0.0                , 369459.9744852665 ,          1
169, 2023-04-02, national,    0.0               ,   0.0                ,   0.0                ,    0.0              , 12604.617354201651   ,   0.0              ,  5706.848037085392   ,    0.0            , 1682.7577088601586,  6254.072450290151   ,   136.22243698078685,   0.5351960289600955   ,   0.0               , 2477.457459185187 ,  332.60543974326816 , 18947.51558091835    ,     0.0              ,    0.0             ,  0.0                 ,   0.0             ,   0.0                ,       0.0, 0.0                 , 0.0                 ,  0.0                 , 0.0                 ,   0.0                ,       0.0, 0.0                 , 0.0                  , 0.0                   , 0.0                   , 0.0                ,       0.0, 0.0                , 0.0                , 0.0                 , 0.0                  , 1.2122772313516517 , 0.5455247541082433 , 349932.9793934898 ,          1
170, 2023-04-09, national,    0.0               ,   0.0                ,   0.0                ,    0.0              , 16286.09134108503    ,   0.0              ,  4551.570226219789   , 3362.2014584866874, 1821.001014984001 ,  5996.602701383219   ,  3014.720807985006  ,   0.3211176173760573   ,   0.0               , 1966.7138357410477,  362.9747162169018  ,  7819.604718266146   ,     0.0              , 1275.0388795630147 ,  0.0                 ,   0.0             ,   0.0                ,       0.0, 0.0                 , 0.0                 ,  8.38869003488524    , 2.516607010465572   ,   0.0                ,       0.0, 0.0                 , 0.0                  , 0.0                   , 0.0                   , 0.0                ,       0.0, 0.0                , 0.0                , 0.0                 , 0.0                  , 1.060311064570493  , 0.47713997905672184, 362323.53874947014,          1
171, 2023-04-16, national,    0.0               ,   0.0                ,   0.0                , 2496.6779653444232  , 23103.331818960596   ,   0.0              ,  4752.124492553488   , 3303.779875067174 , 1851.7236626920137,  4860.486982773834   ,  5597.125533700929  ,   0.19267057042563437  ,   0.0               , 2012.757907222019 ,    0.0              ,  7815.087205381877   ,   578.2175063561261  , 2146.5912799898106 ,  0.0                 ,   0.0             ,   6.86475250034408   ,       0.0, 0.0                 , 0.0                 ,  2.54588203156407    , 0.7637646094692209  ,   0.0                ,       0.0, 0.0                 , 0.0                  , 0.0                   , 0.0                   , 0.0                ,       0.0, 0.0                , 0.0                , 0.0                 , 0.0                  , 0.0                , 0.0                , 369997.3505279897 ,          1
172, 2023-04-23, national,    0.0               ,   0.0                ,   0.0                ,    0.0              , 34309.982848597334   ,   0.0              ,  6059.449510668897   , 2390.6896906776815,    0.0            ,  6231.568456319675   ,  2134.956340839182  ,   0.11560234225538063  ,   0.0               , 1906.3971199837383,    0.0              ,  6033.219610939125   ,   262.6832638235637  , 1795.6439953712309 ,  0.0                 , 329.0706234309741 ,   0.0                ,       0.0, 0.0                 , 0.0                 , 13.249272794535635   , 3.9747818383606903  ,   0.0                ,       0.0, 0.0                 , 0.0                  , 0.0                   , 0.0                   , 1.1962940935422939 ,       0.0, 0.0                , 0.0                , 0.0                 , 0.0                  , 0.0                , 0.0                , 370819.78720031824,          1
173, 2023-04-30, national,    0.0               ,   0.0                ,   0.0                ,    0.0              , 36764.259290935974   ,   6.151894684210638,  8599.576712197186   ,    0.0            , 2150.951774093985 ,  4827.01997976408    , 12552.445637889447  ,   0.06936140535322838  ,   0.0               , 2004.2800861043029,  509.1957511504738  ,  1771.4819638692557  ,     0.0              , 1118.9773083086845 ,  0.0                 , 343.49672683440315,  20.74510675911299   ,       0.0, 2.231021264550236   , 0.557755316137559   , 13.541447619589402   , 4.0624342858768205  ,   0.0                ,       0.0, 0.0                 , 0.0                  , 0.0                   , 0.0                   , 1.2776032361412513 ,       0.0, 0.0                , 0.0                , 0.0                 , 0.0                  , 0.0                , 0.0                , 381089.0672278133 ,          1
174, 2023-05-07, national,   14.495555575958905 ,   0.0                ,   0.0                ,    0.0              , 23366.151818885308   , 103.09577131857284 , 10058.135582923192   ,    0.0            , 2584.773484004446 ,  3431.636926083458   , 16253.21499293346   ,   0.041616843211937024 ,   0.0               ,    0.0            ,  942.7656087352025  ,  9503.125640981934   ,     0.0              , 1372.1256071826497 ,  0.0                 , 385.0062079643324 ,  25.528124628136748  ,       0.0, 1.39600999025502    , 0.349002497563755   , 16.85454143589596    , 5.056362430768788   ,   0.0                ,       0.0, 0.0                 , 0.0                  , 0.0                   , 0.0                   , 0.20495992309915367,       0.0, 0.0                , 0.0                , 0.0                 , 0.0                  , 0.0                , 0.0                , 398105.6127333333 ,          1
175, 2023-05-14, national,   25.815094834816136 ,  16.672649225556803  ,   6.841414711923548  ,    0.0              , 12878.13213252429    , 154.72473763522046 ,  8241.496141168564   , 2482.2510091137992, 2128.562482394224 ,  4792.233308809178   , 16033.926685858036  ,  19.464778073001185    ,   0.0               , 1620.3854552430075, 1008.0085187332738  ,  1225.4354613017622  ,     0.0              , 1280.4244403390135 ,  0.0                 , 348.4858341212727 ,   8.868799550692158  ,       0.0, 0.5570950533891554  , 0.13927376334728886 ,  6.43836982946579    , 1.9315109488397368  ,   0.0                ,       0.0, 0.0                 , 0.0                  , 0.0                   , 0.0                   , 1.0891979184175213 ,       0.0, 0.0                , 0.0                , 0.0                 , 0.0                  , 0.0                , 0.0                , 433808.7534012669 ,          1
176, 2023-05-21, national,    0.0               ,   8.127669922817235  ,   0.0                ,    0.0              , 14346.719322112493   , 205.19460371632144 ,  5694.833472384107   , 2492.172483044509 ,    0.0            ,  5886.348557034513   , 17864.957721967672  ,  35.720859718917815    ,  96.9817195812146   , 1981.5991474249279, 1248.4021717356516  , 16619.25930691945    ,     0.0              ,    0.0             ,  1.4284744914440368  ,   0.0             ,   0.0                ,       0.0, 1.3980312082021165  , 0.3495078020505291  ,  0.0                 , 0.0                 ,   0.0                ,       0.0, 0.0658863983552576  , 0.00988295975328864  , 0.002407522538167525  , 0.000481504507633505  , 2.0813910218970513 ,       0.0, 0.0                , 0.0                , 0.10751487518980815 , 0.010751487518980815 , 0.0                , 0.0                , 460484.57312366704,          1
177, 2023-05-28, national,   91.85312489468778  ,   0.0                ,  12.66697264986885   , 4583.1923625516565  , 20932.32928944511    , 363.68732168797055 ,  4858.922545175619   , 2468.479343467328 , 1357.56327693723  ,  3756.4500786631183  , 14706.916663703943  ,  22.244545711013625    ,  85.56003857459635  , 2175.838390748889 ,  166.75772563601802 ,  2709.398687532947   ,  2867.0712999111875  ,    0.0             ,  5.880423751416223   ,   0.0             ,  13.291800406051228  ,       0.0, 2.767832014095962   , 0.6919580035239905  ,  2.1423138802813253  , 0.6426941640843976  , 107.27503273306407   ,       0.0, 0.25626257239962735 , 0.0384393858599441   , 0.009273784833531406  , 0.0018547569667062812 , 1.1109353158677653 ,       0.0, 0.0                , 0.0                , 0.2718668892022022  , 0.02718668892022022  , 0.0                , 0.0                , 488205.0734268721 ,          1
178, 2023-06-04, national,  432.85621277793973  ,   9.535308776744339  ,  74.49680881977274   ,  761.9041665279267  , 20742.73691781336    , 286.13629944581123 ,  5816.703410655216   ,    0.0            , 1332.1099338078704,  4873.770808658933   , 19519.12859025033   ,  61.45311470588321     , 118.62595457130803  , 1710.3668158396536,  668.7621228071051  , 18498.396650321672   ,  2859.23125238497    ,    0.0             ,  5.98159559599285    , 512.7411181854397 ,  51.88885194571499   ,       0.0, 0.4572325585789263  , 0.11430813964473158 ,  9.467856629538922   , 2.8403569888616764  ,  27.84107067383448   ,       0.0, 0.3963906825852461  , 0.05945860238778691  , 0.010120188397622434  , 0.002024037679524487  , 0.7287975397197519 ,       0.0, 0.0                , 0.0                , 0.021715319140122997, 0.0021715319140123   , 0.0                , 0.0                , 523641.4544024731 ,          1
179, 2023-06-11, national,  342.09562027007206  ,   0.0                ,  68.73680553771338   ,    0.0              , 11409.038205297764   ,  74.60344209878826 ,  6066.634099046346   , 2742.9569048301673,    0.0            ,  3796.72587504882    , 19486.369518254698  ,  39.173203215879205    , 185.65457507632937  , 1679.5546215727734, 1086.8589858878279  ,  7914.409928364051   ,  7356.20338130609    , 1040.2662664431377 , 18.692089927867976   , 314.74725841945104,  36.85760732569852   ,       0.0, 1.2266178038898783  , 0.30665445097246957 ,  7.345680137790303   , 2.2037040413370907  ,   0.0                ,       0.0, 0.2830452242007105  , 0.04245678363010657  , 0.0032535704570613344 , 0.0006507140914122669 , 0.0                ,       0.0, 0.0                , 0.0                , 0.09718770461865417 , 0.009718770461865417 , 0.0                , 0.0                , 537182.2648626206 ,          1
180, 2023-06-18, national,   70.06250846923851  ,  23.98994434402193   , 107.70596177408524   , 1834.9163355440135  , 10809.325863069003   , 152.6798145523013  ,  4486.552271125247   , 2934.2341363066903, 2194.891589347941 ,  5377.61835892968    ,  9183.369446171877  ,   1.5249674699216067   , 258.8634562780636   , 1885.499863752488 ,    0.0              , 13916.446448856716   ,  4044.903379003511   , 1805.928950401354  , 24.251797122211077   , 469.33874802523655,   7.238223662078175  ,       0.0, 0.0                 , 0.0                 , 10.459270735294995   , 3.1377812205884985  , 101.86818196820393   ,       0.0, 0.3137358601535339  , 0.047060379023030084 , 0.007850920143914166  , 0.0015701840287828334 , 1.4257195503277722 ,       0.0, 0.0                , 0.0                , 0.12711266123125836 , 0.012711266123125836 , 0.0                , 0.0                , 541920.3315535344 ,          1
181, 2023-06-25, national,   28.911478332475607 ,   0.0                , 123.53958159914929   , 2252.8349604717746  , 12410.57614644579    , 261.93935283422314 ,  3757.235290421643   , 2528.5657107109205, 2417.0559803369797,  3492.001459666842   ,  3985.7643976905815 ,  52.561690750558284    , 375.97013614749727  , 2127.36068275866  ,  993.2913011146844  ,  6221.899242686433   ,  9358.430577157564   ,    0.0             , 14.615981984699467   ,   0.0             ,   3.0376393514328393 ,       0.0, 0.0                 , 0.0                 , 11.612077915750893   , 3.483623374725268   , 135.88691176000106   ,       0.0, 0.39130929796750014 , 0.05869639469512502  , 0.01565175912312308   , 0.003130351824624616  , 0.8130649300429058 ,       0.0, 0.0                , 0.0                , 0.18117221488339144 , 0.018117221488339146 , 0.0                , 0.0                , 541746.844471121  ,          1
182, 2023-07-02, national,    0.0               ,  41.35219360752685   ,  86.0663340528306    ,  793.5779454988625  ,  9866.57177216708    , 150.51349820982557 ,  3766.829418087189   , 2421.354531792468 ,    0.0            ,  2989.7672789873336  ,  7100.957930763887  ,  35.13777969507005     , 495.48576377554997  ,    0.0            , 1088.3869125449557  ,  6860.821413642258   ,  5286.337690823967   ,    0.0             , 18.957646847781007   , 403.5742312130237 ,   0.0                ,       0.0, 2.042503931462516   , 0.510625982865629   ,  8.302923716107696   , 2.490877114832309   ,  48.890657121281855  ,       0.0, 0.3177019502028442  , 0.04765529253042663  , 0.010513743916490029  , 0.0021027487832980057 , 1.3986584485942237 ,       0.0, 0.0                , 0.0                , 0.0                 , 0.0                  , 0.0                , 0.0                , 535091.6828866298 ,          1
183, 2023-07-09, national,  418.0387563771046   ,   0.0                ,  39.3993541735087    ,  272.26161899030274 , 13732.715805296548   ,  88.47786109507796 ,  3433.2333227400404  , 1602.5516050691863, 2064.2811310362904,  4110.918681283144   ,   408.14778891593147,  50.89550093763917     , 400.09329890982286  ,    0.0            , 1080.7221091908702  , 21756.39217353565    ,  6244.024293426303   ,    0.0             , 14.377497832604412   , 396.6680282902037 ,  54.985543552585845  ,       0.0, 0.5077715023372738  , 0.12694287558431844 ,  4.147993876558349   , 1.2443981629675047  ,  16.157724151975046  ,       0.0, 0.4258978883915238  , 0.06388468325872856  , 0.007447055165355525  , 0.001489411033071105  , 0.2854357703113761 ,       0.0, 0.0                , 0.0                , 0.4455548554779026  , 0.04455548554779026  , 0.0                , 0.0                , 533580.7150504339 ,          1
184, 2023-07-16, national,   68.85408018796095  ,   0.0                , 116.29702146791085   ,    0.0              , 21906.197639436006   , 134.83314667895053 ,  3825.362411661073   , 2950.8586708995344, 2210.272771171164 ,  2862.095099655312   ,  9893.545341105311  ,  71.36310389454486     , 328.06097829572747  , 1735.8115156581641,  496.75120185960805 , 27150.622405443082   ,   321.3397813824137  , 1750.7131407121722 ,  0.0                 , 335.1928002335794 ,  11.536412095790139  ,       0.0, 0.49239196270535157 , 0.12309799067633789 , 14.37392952473484    , 4.312178857420452   ,   0.0                ,       0.0, 0.6146396111699607  , 0.0921959416754941   , 0.01479294531583153   , 0.002958589063166306  , 0.7955903856102426 ,       0.0, 0.0                , 0.0                , 0.0                 , 0.0                  , 0.0                , 0.0                , 535685.6298803665 ,          1
185, 2023-07-23, national,  212.06750492264422  ,   1.154168253688975  ,  66.0687624748899    , 1163.7751147315714  , 19270.393851531073   ,  55.69124126864092 ,  5532.15351814532    , 2204.747827026105 ,    0.0            ,  4142.785496819973   ,  9432.885877800287  ,  77.06987853307943     , 311.62181627037484  , 2144.5858173282786,  303.3056688924938  , 14551.431511903147   ,  1574.8154181572747  , 1784.925788343855  , 14.972711311493923   , 492.9474789781915 ,  52.95054100302537   ,       0.0, 1.7141922855070941  , 0.42854807137677353 , 10.608731880349962   , 3.182619564104989   ,  52.39408899821377   ,       0.0, 0.45324903662467747 , 0.06798735549370162  , 0.010118596600735526  , 0.0020237193201471052 , 0.9205066193390896 ,       0.0, 0.0                , 0.0                , 0.34334656305208666 , 0.03433465630520867  , 0.0                , 0.0                , 540085.9823721268 ,          1
186, 2023-07-30, national,   93.09281543565177  ,   0.0                ,  45.59728745340523   , 1005.8366594836248  ,  9010.595047593246   ,   0.0              ,  5700.525678729782   , 2778.8126952764605,    0.0            ,  4947.3252602017965  ,  5782.29578537268   ,  44.54627214137985     , 295.37785116673393  ,    0.0            ,    0.0              , 19327.35840463013    ,  4451.529195978983   , 1389.9281117132005 , 12.349808966090766   , 392.5147337685772 ,  50.924068674064856  ,       0.0, 0.18195420577506294 , 0.045488551443765735, 11.343882255738611   , 3.4031646767215835  ,  34.03918629279904   ,       0.0, 0.15928616210023375 , 0.02389292431503506  , 0.005243756412919518  , 0.0010487512825839037 , 1.259193245310784  ,       0.0, 0.0                , 0.0                , 0.05543289416948581 , 0.005543289416948581 , 0.0                , 0.0                , 522598.2698010842 ,          1
187, 2023-08-06, national,    0.0               ,   0.0                ,  26.711451049078303  ,    0.0              , 20910.71463556075    ,   0.0              ,  3887.35397467472    ,    0.0            , 2235.588694826997 ,  4996.957773442517   , 19838.17536419181   ,   7.603026337626719    , 133.73211609459437  ,    0.0            ,    0.0              , 18705.759110611292   ,  3288.4357786797796  , 2199.5788724183617 ,  8.283558230649364   ,   0.0             ,  23.12780558749582   ,       0.0, 1.182640537310893   , 0.29566013432772326 , 16.74136186600582    , 5.022408559801746   ,   0.0                ,       0.0, 0.22745814428852257 , 0.03411872164327839  , 0.003814759079287102  , 0.0007629518158574205 , 0.0                ,       0.0, 1.5251145710603118 , 0.533790099871109  , 0.0                 , 0.0                  , 0.0                , 0.0                , 499148.4891176411 ,          1
188, 2023-08-13, national,    0.0               ,   0.0                ,   0.0                , 2284.4562241238173  , 14882.609093362344   ,   0.0              ,  5318.607027341721   , 2763.930342683392 , 1759.7769442678664,  2224.100364714874   , 14966.931381925022  ,   1.7362214847026012   ,   5.4821521499437855, 2704.8416206099264,  929.9520547427481  , 24969.897074747612   ,     0.0              ,  904.8138813375241 ,  2.9265688235640837  ,   0.0             ,  34.66679466868439   ,       0.0, 0.0                 , 0.0                 ,  4.1597616443865     , 1.24792849331595    ,  15.398323548935586  ,       0.0, 0.0523870440352448  , 0.00785805660528672  , 0.0019257014462725026 , 0.0003851402892545005 , 0.0                ,       0.0, 0.3482237376556515 , 0.12187830817947802, 0.0                 , 0.0                  , 0.0                , 0.0                , 492118.90060801595,          1
189, 2023-08-20, national,    0.0               ,   0.0                ,   0.0                ,    0.0              , 28500.72660023818    ,   0.0              ,  4806.220328816725   , 2741.1776453883253, 1898.39140291414  ,   276.4060201729702  , 14495.663158145662  ,   1.0417328908215606   ,   0.0               , 1979.3085469182477, 1007.9049285890685  ,  4339.491633266499   ,  1928.869548357186   ,    0.0             ,  0.0                 ,   0.0             ,   0.0                ,       0.0, 0.0                 , 0.0                 , 14.246164015105867   , 4.27384920453176    ,   0.0                ,       0.0, 0.0                 , 0.0                  , 0.0                   , 0.0                   , 0.0                ,       0.0, 2.38264676367895   , 0.8339263672876325 , 0.0                 , 0.0                  , 0.0                , 0.0                , 460639.4460587462 ,          1
190, 2023-08-27, national,    0.0               ,   0.0                ,   0.0                ,    0.0              , 33021.19046048052    ,   0.0              ,  7052.5866779457465  ,    0.0            , 2211.7958905265896,   796.6747390955611  , 22538.690819662483  ,   0.6250397344929364   ,   0.0               , 1762.9441898781229,   29.024101217601295, 11787.758168853346   ,     0.0              , 1559.0453094012103 ,  0.0                 ,   0.0             ,  16.30589486814834   ,       0.0, 1.5779111338901968  , 0.3944777834725492  , 12.06785480828937    , 3.620356442486811   ,   0.0                ,       0.0, 0.0                 , 0.0                  , 0.0                   , 0.0                   , 1.2219110385095815 ,       0.0, 1.8205412527776188 , 0.6371894384721666 , 0.0                 , 0.0                  , 0.0                , 0.0                , 429484.6183791214 ,          1
191, 2023-09-03, national,    0.0               ,   0.0                ,   0.0                , 4505.291831851357   , 20148.709635760333   ,   0.0              ,  8764.837669496457   , 2209.446116036482 , 2253.131009256063 ,     0.0              , 17522.277175229316  ,   0.3750238406957618   ,   0.0               , 1856.6073542488377,    0.0              ,     0.0              ,     0.0              ,  884.0899745512443 ,  0.0                 ,   0.0             ,   6.203797508108179  ,       0.0, 0.9975175108894737  , 0.24937937772236843 , 12.24740037991595    , 3.6742201139747848  ,   0.0                ,       0.0, 0.0                 , 0.0                  , 0.0                   , 0.0                   , 1.6791317514382824 ,       0.0, 2.451556172081359  , 0.8580446602284756 , 0.0                 , 0.0                  , 0.0                , 0.0                , 406001.11929208646,          1
192, 2023-09-10, national,    0.0               ,   0.0                ,   0.0                , 4933.365874293582   , 13193.004916193659   ,   0.0              ,  7132.698852636526   , 1964.5322935459083, 2285.672915863789 ,     0.0              , 15113.708422562893  ,   0.22501430441745704  ,   0.0               , 1950.7727833858696,  895.5458031363302  ,  3492.8282327306224  ,  4482.157988547832   , 1276.562880817954  ,  0.0                 , 410.498076038266  ,   1.5751108353459455 ,       0.0, 0.0                 , 0.0                 , 19.259999962319974   , 5.777999988695992   ,   0.0                ,       0.0, 0.0                 , 0.0                  , 0.0                   , 0.0                   , 0.0                ,       0.0, 0.6197448107582992 , 0.21691068376540473, 0.0                 , 0.0                  , 0.0                , 0.0                , 415218.06974987197,          1
193, 2023-09-17, national,    0.0               ,   0.0                ,   0.0                , 4881.678837312008   , 23247.364068183066   ,   0.0              ,  5227.8190436098475  ,    0.0            ,    0.0            ,    86.34560351669074 ,  3566.4460484530655 ,   0.13500858265047422  ,   0.0               , 1622.8933682659278, 1077.2207937024928  ,     0.0              ,  2475.609736066685   , 2311.4923798592004 ,  0.0                 , 343.72845561153196,   7.662825716188251  ,       0.0, 0.0                 , 0.0                 , 19.173378182204615   , 5.752013454661385   ,   0.0                ,       0.0, 0.0                 , 0.0                  , 0.0                   , 0.0                   , 0.0                ,       0.0, 0.0                , 0.0                , 0.0                 , 0.0                  , 0.0                , 0.0                , 396791.09552722366,          1
194, 2023-09-24, national,    0.0               ,   0.0                ,   0.0                , 1542.972467328005   , 12648.016662092163   ,   0.0              ,  6275.652665891024   ,    0.0            , 2320.9602246035683,     0.0              ,  7027.151268522956  ,   0.08100514959028453  ,   0.0               , 1576.3876239582871, 1542.012306681805   ,  9664.012268191595   ,  1060.7785636017309  , 1637.0686398776952 ,  0.0                 , 362.9972004720516 ,  35.49566793493509   ,       0.0, 1.868511819332758   , 0.4671279548331895  , 16.848334666162877   , 5.054500399848863   ,   0.0                ,       0.0, 0.0                 , 0.0                  , 0.0                   , 0.0                   , 0.0                ,       0.0, 0.0                , 0.0                , 0.0                 , 0.0                  , 0.0                , 0.0                , 388810.48954238894,          1
195, 2023-10-01, national,    0.0               ,   0.0                ,   0.0                , 3435.545286977735   , 21653.60166106954    ,   0.0              ,  4786.903896193945   , 2680.4999172867206, 1939.5750689816143,  1190.7264465390895  ,  2656.9699268933214 ,   0.04860308975417072  ,   0.0               ,    0.0            ,  453.92026132259645 ,     0.0              ,  3190.5615391677575  , 1390.9607171292016 ,  0.0                 , 418.9840641180804 ,  59.8801671084618    ,       0.0, 1.995043682895684   , 0.498760920723921   , 33.253830252807084   , 9.976149075842125   ,   0.0                ,       0.0, 0.0                 , 0.0                  , 0.0                   , 0.0                   , 0.0                ,       0.0, 0.0                , 0.0                , 0.0                 , 0.0                  , 0.0                , 0.0                , 391526.2543046563 ,          1
196, 2023-10-08, national,    0.0               ,   0.0                ,   0.0                ,   92.76619585545787 , 13242.776176367894   ,   0.0              ,  5812.409798201426   , 2049.3833412805448,    0.0            ,  1193.2876771603417  ,   275.98783071625303,   0.029161853852502428 ,   0.0               , 1624.5746900966562,  897.8293388485096  , 10714.329607676904   ,  6809.771194122232   , 1184.082727936084  ,  0.0                 , 400.4129885321259 ,  59.636630781902234  ,       0.0, 1.1724417274483427  , 0.2931104318620857  , 30.30764503790705    , 9.092293511372114   ,   0.0                ,       0.0, 0.0                 , 0.0                  , 0.0                   , 0.0                   , 0.0                ,       0.0, 0.0                , 0.0                , 0.0                 , 0.0                  , 0.0                , 0.0                , 391453.628487163  ,          1
197, 2023-10-15, national,    0.0               ,   0.0                ,   0.0                ,  757.69187384139    ,  4172.072468516533   ,   0.0              ,  4708.663610282758   , 2167.135190318673 , 2045.645438941137 ,     0.0              ,  1427.2785742679116 ,   0.017497112311501455 ,   0.0               , 1860.3797898011935, 1034.4502193873332  , 16707.268737528047   ,  6830.72707206125    ,    0.0             ,  0.0                 , 361.55945351304825,  60.1823928374944    ,       0.0, 1.8557035077339927  , 0.4639258769334982  , 27.589432563451272   , 8.27682976903538    ,   0.0                ,       0.0, 0.0                 , 0.0                  , 0.0                   , 0.0                   , 0.0                ,       0.0, 0.0                , 0.0                , 0.0                 , 0.0                  , 0.0                , 0.0                , 386322.04056510667,          1
198, 2023-10-22, national,    0.0               ,   0.0                ,   0.0                ,    0.0              , 14289.262244672902   ,   0.0              ,  2634.4384811856676  , 2910.2864598544193, 2184.5942780995774,     0.0              ,   303.1563741615103 ,   0.010498267386900875 ,   0.0               , 2417.9944559406176, 2836.1238163976936  ,     0.0              ,  7097.569409849051   ,    0.0             ,  0.0                 , 370.93970276879554,  61.29454071297048   ,       0.0, 1.2028441057589112  , 0.3007110264397278  , 32.315428264239934   , 9.69462847927198    ,   0.0                ,       0.0, 0.0                 , 0.0                  , 0.0                   , 0.0                   , 0.0                ,       0.0, 0.0                , 0.0                , 0.0                 , 0.0                  , 0.0                , 0.0                , 375989.54207842133,          1
199, 2023-10-29, national,    0.0               ,   0.0                ,   0.0                ,    0.0              , 18626.950309671243   ,   0.0              ,  3625.8425939742456  , 2448.3678117538416, 2863.7252202232235,   350.10217396200585 ,   382.0191360731257 ,   0.006298960432140524 ,   0.0               , 1864.0030011378408, 2628.1163553345186  ,  3897.800511292021   ,  7369.510085536578   , 1084.41577791237   ,  0.0                 ,   0.0             ,  37.90123171449316   ,       0.0, 1.4244261169238106  , 0.35610652923095265 , 15.921363972718495   , 4.7764091918155485  ,   0.0                ,       0.0, 0.0                 , 0.0                  , 0.0                   , 0.0                   , 0.0                ,       0.0, 0.0                , 0.0                , 0.0                 , 0.0                  , 0.0                , 0.0                , 373554.7420482634 ,          1
200, 2023-11-05, national,   29.448306250258167 ,  36.88572061309291   ,   0.0                , 2811.688407938612   , 26054.34545321604    ,  21.34414921098927 ,  4803.188092441122   , 2308.4501793225413, 1513.5164115808745,     0.0              ,   359.46648980889876,   0.003779376259284314 ,   0.0               , 1543.2502211775095, 3169.7123789770103  ,     0.0              ,  4560.3432055490175  , 1415.2736280939114 ,  0.0                 ,   0.0             ,  92.89692404580283   ,       0.0, 1.4513437305274899  , 0.36283593263187247 , 30.63334410292266    , 9.190003230876798   ,   0.0                ,       0.0, 0.0                 , 0.0                  , 0.0                   , 0.0                   , 0.0                ,       0.0, 0.0                , 0.0                , 0.0                 , 0.0                  , 0.0                , 0.0                , 391645.7244740686 ,          1
201, 2023-11-12, national,  132.52588973236055  ,   0.0                ,  17.111548739520465  ,    0.0              ,  1734.6626705600668  ,  64.39560340177128 ,  6613.63214110002    ,    0.0            , 2101.0396766355057,  2079.850759115489   ,   338.69814717129105,  13.406203878304524    ,   0.0               , 1430.8366369472542, 1719.5210743991006  ,  2196.7763937890513  ,  4799.842503591887   ,    0.0             ,  0.0                 ,   0.0             ,  54.63540377214819   ,       0.0, 0.0                 , 0.0                 , 22.578925987327132   , 6.77367779619814    ,   0.0                ,       0.0, 0.0                 , 0.0                  , 0.0                   , 0.0                   , 0.0                ,       0.0, 0.0                , 0.0                , 0.0                 , 0.0                  , 0.0                , 0.0                , 413854.7472337107 ,          1
202, 2023-11-19, national,  334.4511253457559   ,   0.0                ,  84.668684087318     ,  948.2010822313096  , 12750.545826330776   ,  50.277396726001356,  3018.613564160459   , 3057.4769859746893, 1903.0790676887095,  2288.434483907635   ,  7744.720137633975  ,  30.656802247769363    ,  87.89116119848786  , 1519.0786389652071, 1770.5179978983438  ,  2130.9847287686516  ,  3864.0130539373235  ,    0.0             ,  0.5789012227456845  , 309.6011616810845 ,  76.39224823155132   ,       0.0, 0.0                 , 0.0                 , 27.415426804497077   , 8.224628041349122   ,   6.215187782799808  ,       0.0, 0.04356793135081765 , 0.006535189702622647 , 0.0005110838022437232 , 0.00010221676044874465, 0.0                ,       0.0, 0.0                , 0.0                , 0.024450433118102056, 0.0024450433118102057, 0.0                , 0.0                , 488805.1276905136 ,          1
203, 2023-11-26, national,  383.2797902074427   ,  13.80432715697622   , 109.34108868316464   ,   12.661741184337519,  4210.080670617311   ,  17.224619881216828,  3486.814809800594   , 2520.829914349787 , 1618.8684078537867,   914.5327572958015  ,   368.9556353638374 ,  23.84223302699595     , 150.88340333324848  ,    0.0            , 2737.7746271216683  ,     0.0              ,   790.6968780386345  ,    0.0             ,  0.0                 , 408.3947703452161 ,  63.21249061873833   ,       0.0, 0.0                 , 0.0                 , 20.923394081119863   , 6.277018224335959   ,   0.2476216884303531 ,       0.0, 0.042915954874371665, 0.0064373932311557495, 0.0004216222685761746 , 8.432445371523493e-05 , 0.35865903048230474,       0.0, 0.0                , 0.0                , 0.06887532477369201 , 0.0068875324773692015, 0.0                , 0.0                , 485027.5001683928 ,          1
204, 2023-12-03, national,  215.78998714383332  ,  57.582756246964166  ,  93.48967484245999   ,    0.0              ,     0.0              ,   8.159099027558238,  2154.1548159065833  , 2637.212352718761 ,    0.0            ,     0.0              ,   444.5308580241045 ,  15.65734423367379     , 295.68189191945237  ,    0.0            , 3245.9434253747468  ,     0.0              ,  5061.966147420339   ,  648.9888817528913 ,  0.0                 ,   0.0             ,  29.213130022190573  ,       0.0, 0.0                 , 0.0                 , 13.26381518725694    , 3.979144556177082   ,   0.0                ,       0.0, 0.0                 , 0.0                  , 0.00028210548264763756, 5.6421096529527516e-05, 1.643457821931014  ,       0.0, 0.0                , 0.0                , 0.016057367535200904, 0.0016057367535200905, 0.0                , 0.0                , 474918.15626988746,          1
205, 2023-12-10, national,  213.813349312561    , 129.44562396692294   , 158.41481005244574   , 4338.579427095787   ,   791.7502766738681  ,  76.75696737062592 ,   862.3792664379724  ,    0.0            , 1850.0121831633512,  1290.732180651062   ,   504.296919040911  ,  36.690811856046224    , 404.44854104990026  , 1900.4207818569157, 1404.825592219125   ,     0.0              ,  4829.626821155207   , 1528.9959821512427 ,  0.0                 , 357.3044575713071 ,  25.83831407368665   ,       0.0, 0.0                 , 0.0                 , 18.7391364153845     , 5.62174092461535    , 178.64729751116636   ,       0.0, 0.016989051701332275, 0.0025483577551998413, 0.003293453864546034  , 0.0006586907729092069 , 0.0                ,       0.0, 0.0                , 0.0                , 0.0                 , 0.0                  , 0.0                , 0.0                , 501013.1789714494 ,          1
206, 2023-12-17, national,  314.9023665201764   ,   0.0                , 208.04275947869152   , 3169.3556662371925  ,   965.7408789673524  ,  75.16312431091274 ,   496.5370247340062  ,    0.0            , 1879.8318901472412,   735.5144205580497  ,  1028.7435635971437 ,   3.5342659822984874   , 479.95203613595226  , 1567.4238812047577, 2185.5183785198033  ,  7771.87189741287    ,  3179.5154571799185  ,    0.0             ,  0.0                 , 308.1542999567897 ,  36.27644324998371   ,       0.0, 0.0                 , 0.0                 , 22.218857808809112   , 6.665657342642733   , 153.96942153710117   ,       0.0, 0.024445912987973432, 0.0036668869481960146, 0.0038120341568998488 , 0.0007624068313799698 , 1.957524197335398  ,       0.0, 0.0                , 0.0                , 0.46110087943491684 , 0.04611008794349169  , 0.0                , 0.0                , 495973.9180857715 ,          1
207, 2023-12-24, national,  375.0278281650739   ,   0.0                , 118.14606636439797   ,  942.9322945973973  ,     0.0              ,   0.0              ,   380.95800251637775 , 2028.3743462002244, 1930.1908068611135,  1478.0632197323805  ,   147.15793110035486,  56.67887833542544     , 350.94726355084777  , 2068.675799112949 , 1571.685715286655   , 10700.238935908937   ,  2947.0119931316003  ,    0.0             ,  0.0                 , 472.8472417499879 ,  43.68944967110621   ,       0.0, 1.2890134111206841  , 0.32225335278017103 , 12.144499359496463   , 3.6433498078489386  ,  50.095967075529785  ,       0.0, 0.0                 , 0.0                  , 0.0                   , 0.0                   , 1.2843838546828552 ,       0.0, 0.0                , 0.0                , 0.6086840736508857  , 0.06086840736508858  , 0.0                , 0.0                , 491673.4298005921 ,          1
